date,open,high,low,close,volume
2017-01-01,7.98,8.47,7.98,8.17,14731700.0
2017-01-02,8.17,8.44,8.05,8.38,14579600.0
2017-01-03,8.37,10.0,8.32,9.73,33625200.0
2017-01-04,9.71,11.28,9.56,11.25,41051200.0
2017-01-05,11.29,11.89,9.4,10.25,41557400.0
2017-01-06,10.29,10.63,9.63,10.25,29471800.0
2017-01-07,10.24,10.28,9.59,9.87,23153600.0
2017-01-08,9.87,10.39,9.83,10.29,16676600.0
2017-01-09,10.31,10.78,10.14,10.33,25718300.0
2017-01-10,10.37,10.69,10.29,10.55,10879700.0
2017-01-11,10.54,10.66,9.46,9.72,26823500.0
2017-01-12,9.72,10.08,9.18,9.86,30453800.0
2017-01-13,9.83,9.85,9.51,9.77,25066600.0
2017-01-14,9.79,9.89,9.44,9.65,20085800.0
2017-01-15,9.83,10.0,9.6,9.9,14837900.0
2017-01-16,9.88,9.93,9.58,9.64,14937400.0
2017-01-17,9.64,10.61,9.54,10.3,18391900.0
2017-01-18,10.3,10.52,9.94,10.23,10788200.0
2017-01-19,10.24,10.44,10.18,10.4,8347550.0
2017-01-20,10.39,10.76,10.35,10.6,10992800.0
2017-01-21,10.6,10.98,10.58,10.91,11937600.0
2017-01-22,10.91,10.97,10.58,10.7,8678620.0
2017-01-23,10.71,10.84,10.67,10.82,7267210.0
2017-01-24,10.73,10.77,10.57,10.63,8327330.0
2017-01-25,10.62,10.62,10.48,10.57,6751450.0
2017-01-26,10.57,10.67,10.51,10.59,8465020.0
2017-01-27,10.58,10.61,10.44,10.54,7189170.0
2017-01-28,10.54,10.58,10.43,10.56,6580700.0
2017-01-29,10.56,10.57,10.45,10.48,4689950.0
2017-01-30,10.49,10.71,10.47,10.57,8042180.0
2017-01-31,10.56,10.75,10.55,10.73,11648700.0
2017-02-01,10.74,10.85,10.56,10.73,12852200.0
2017-02-02,10.74,10.89,10.55,10.82,10172500.0
2017-02-03,10.81,11.11,10.76,11.11,12897800.0
2017-02-04,11.13,11.5,11.13,11.43,14139500.0
2017-02-05,11.44,11.49,11.32,11.35,5942960.0
2017-02-06,11.35,11.48,11.34,11.39,5695440.0
2017-02-07,11.43,11.61,11.41,11.52,7629640.0
2017-02-08,11.54,11.63,11.24,11.43,9688630.0
2017-02-09,11.44,11.6,10.67,11.03,18400300.0
2017-02-10,11.05,11.34,10.78,11.28,11914200.0
2017-02-11,11.29,11.43,11.24,11.35,7544520.0
2017-02-12,11.35,11.4,11.3,11.4,6264900.0
2017-02-13,11.38,11.39,11.17,11.27,7216520.0
2017-02-14,11.29,13.33,11.29,13.03,42911500.0
2017-02-15,13.04,13.04,12.64,12.92,18464700.0
2017-02-16,12.92,12.92,12.54,12.9,38002600.0
2017-02-17,12.9,12.91,12.66,12.68,11636500.0
2017-02-18,12.71,12.83,12.68,12.81,9370010.0
2017-02-19,12.82,12.87,12.71,12.76,7799740.0
2017-02-20,12.77,12.9,12.43,12.43,12994400.0
2017-02-21,12.34,12.77,12.21,12.67,15183300.0
2017-02-22,12.69,12.76,12.55,12.6,10360900.0
2017-02-23,12.6,13.21,12.56,13.12,14522300.0
2017-02-24,13.13,13.23,12.88,13.07,19574400.0
2017-02-25,13.06,13.72,12.98,13.55,18533900.0
2017-02-26,13.52,14.54,13.4,14.52,20307500.0
2017-02-27,14.51,15.68,14.27,15.4,31667000.0
2017-02-28,15.45,16.06,15.12,15.82,65478900.0
2017-03-01,15.85,17.37,15.56,17.35,44927500.0
2017-03-02,17.36,19.35,16.95,19.03,83627104.0
2017-03-03,19.04,20.67,18.41,19.46,95863400.0
2017-03-04,19.52,20.06,18.62,18.62,27341900.0
2017-03-05,18.5,19.42,18.23,19.3,26816300.0
2017-03-06,19.28,20.1,19.11,19.61,32432700.0
2017-03-07,19.58,19.63,18.64,18.89,37972200.0
2017-03-08,18.88,18.88,16.65,16.65,44304600.0
2017-03-09,16.64,17.87,16.37,17.75,31418400.0
2017-03-10,17.74,19.66,17.68,19.33,87506800.0
2017-03-11,19.37,21.59,19.01,21.47,69150096.0
2017-03-12,21.46,23.44,21.38,23.44,74628896.0
2017-03-13,23.5,30.6,23.5,28.59,255488000.0
2017-03-14,28.57,29.93,27.32,28.65,101797000.0
2017-03-15,28.65,35.06,28.43,35.06,170344000.0
2017-03-16,35.36,47.17,35.36,46.35,454417984.0
2017-03-17,45.93,55.11,38.21,46.83,497534016.0
2017-03-18,46.87,46.87,31.7,34.16,262180000.0
2017-03-19,35.53,47.0,35.34,44.74,239430000.0
2017-03-20,44.83,46.23,42.44,43.39,154700992.0
2017-03-21,43.51,44.26,42.37,43.15,91265400.0
2017-03-22,43.12,43.52,39.69,42.34,113952000.0
2017-03-23,42.57,44.75,41.3,43.68,100724000.0
2017-03-24,43.64,54.14,43.21,53.11,297046016.0
2017-03-25,53.58,53.58,48.31,51.25,223059008.0
2017-03-26,50.77,51.8,49.28,50.52,106859000.0
2017-03-27,51.31,52.46,48.93,49.67,118978000.0
2017-03-28,49.71,50.96,49.15,50.77,97745296.0
2017-03-29,50.57,53.87,50.55,53.13,144998000.0
2017-03-30,53.12,53.31,51.87,52.21,86885696.0
2017-03-31,51.75,51.77,47.38,50.04,151416000.0
2017-04-01,50.03,51.93,48.88,50.7,92461904.0
2017-04-02,50.74,51.27,45.43,48.75,134604000.0
2017-04-03,48.82,48.82,43.41,44.36,190512992.0
2017-04-04,43.92,45.74,41.72,44.64,157568000.0
2017-04-05,44.66,47.84,44.54,45.3,119733000.0
2017-04-06,45.22,45.64,40.9,43.24,147120000.0
2017-04-07,42.87,44.04,41.65,42.16,81474704.0
2017-04-08,41.8,45.21,41.73,44.31,74138800.0
2017-04-09,44.28,44.49,42.89,43.27,55143000.0
2017-04-10,43.28,44.14,42.42,43.44,44061500.0
2017-04-11,43.5,44.25,43.3,43.41,38303300.0
2017-04-12,43.46,47.23,43.11,46.29,88045696.0
2017-04-13,46.31,50.91,46.31,50.22,157200000.0
2017-04-14,49.97,50.05,46.76,47.57,91674400.0
2017-04-15,47.65,49.57,47.18,49.1,66207800.0
2017-04-16,49.04,49.14,48.19,48.72,31343800.0
2017-04-17,48.66,48.75,48.05,48.3,44013300.0
2017-04-18,48.32,51.03,48.3,50.71,78748496.0
2017-04-19,50.73,50.95,47.26,48.31,76281000.0
2017-04-20,48.13,49.99,48.13,49.67,79600896.0
2017-04-21,49.64,49.66,48.14,48.22,45048300.0
2017-04-22,48.18,48.74,48.17,48.55,37357600.0
2017-04-23,48.59,48.89,48.17,48.49,36234000.0
2017-04-24,48.87,50.18,48.87,50.03,55580600.0
2017-04-25,50.07,50.3,49.81,49.89,38264600.0
2017-04-26,49.91,53.44,49.91,52.72,104884000.0
2017-04-27,52.81,62.17,52.29,62.17,246775008.0
2017-04-28,62.23,70.85,62.13,70.16,346545984.0
2017-04-29,71.39,71.9,66.78,68.38,165448000.0
2017-04-30,68.54,79.02,68.35,79.02,229944992.0
2017-05-01,79.32,82.52,73.09,76.3,376841984.0
2017-05-02,76.65,79.35,74.38,77.26,193772992.0
2017-05-03,77.25,80.1,75.76,79.72,141922000.0
2017-05-04,79.72,97.56,79.43,96.98,366847008.0
2017-05-05,96.73,103.23,92.22,94.4,331928000.0
2017-05-06,94.91,97.88,90.95,97.81,151462000.0
2017-05-07,97.87,98.24,89.87,94.01,183295008.0
2017-05-08,93.75,95.14,89.51,91.42,231344000.0
2017-05-09,91.23,93.06,80.39,91.16,363433984.0
2017-05-10,91.15,92.85,85.29,89.52,145602000.0
2017-05-11,89.77,102.55,88.48,89.88,132722000.0
2017-05-12,89.43,93.12,88.66,88.66,145824992.0
2017-05-13,88.69,93.81,86.66,90.84,88742200.0
2017-05-14,90.87,91.25,89.61,90.79,66046600.0
2017-05-15,90.78,95.43,86.83,92.41,170999008.0
2017-05-16,92.39,93.56,89.12,89.44,152284992.0
2017-05-17,89.25,91.27,84.43,89.86,183031008.0
2017-05-18,89.84,97.37,89.84,96.91,196236992.0
2017-05-19,97.05,133.56,97.05,129.53,626945024.0
2017-05-20,129.22,133.64,124.7,126.52,331455008.0
2017-05-21,127.54,159.03,125.89,157.94,570361024.0
2017-05-22,158.17,201.75,152.47,174.26,1188909952.0
2017-05-23,170.82,183.55,169.93,181.95,530708992.0
2017-05-24,182.65,228.37,182.45,190.05,561014016.0
2017-05-25,189.85,210.98,170.51,174.45,943636992.0
2017-05-26,175.22,193.69,150.28,160.4,792457984.0
2017-05-27,159.82,166.95,120.44,157.76,1217059968.0
2017-05-28,158.82,179.93,157.6,170.51,717971008.0
2017-05-29,170.13,197.13,164.53,194.91,718828032.0
2017-05-30,195.61,233.71,189.29,231.91,1586669952.0
2017-05-31,231.58,236.96,215.57,230.67,1271600000.0
2017-06-01,230.89,236.22,214.48,222.24,812924032.0
2017-06-02,222.29,229.41,219.58,223.77,469532000.0
2017-06-03,223.46,225.97,219.42,224.38,427896000.0
2017-06-04,224.12,250.41,223.98,245.33,753820032.0
2017-06-05,245.26,249.47,243.05,248.46,435660000.0
2017-06-06,248.6,267.51,246.84,264.47,741553024.0
2017-06-07,264.26,264.67,254.04,258.07,461648992.0
2017-06-08,257.99,262.25,253.98,261.67,385494016.0
2017-06-09,261.75,282.76,261.75,281.74,557985984.0
2017-06-10,282.01,350.26,282.01,337.67,1611629952.0
2017-06-11,338.79,353.01,318.17,340.61,1373219968.0
2017-06-12,341.16,414.76,341.16,401.49,2882650112.0
2017-06-13,395.69,411.18,370.06,397.54,1717379968.0
2017-06-14,397.59,399.32,342.21,359.05,1272579968.0
2017-06-15,358.51,364.44,300.7,361.93,2463450112.0
2017-06-16,361.18,373.05,341.42,370.23,1096280064.0
2017-06-17,369.88,379.41,364.0,379.41,904652992.0
2017-06-18,379.52,390.58,368.84,371.46,904702976.0
2017-06-19,371.86,377.11,369.76,370.06,685171968.0
2017-06-20,370.33,377.97,350.94,359.01,1020390016.0
2017-06-21,359.54,361.34,319.48,336.87,1420130048.0
2017-06-22,337.73,342.03,330.62,336.37,925766976.0
2017-06-23,336.48,348.01,334.99,341.74,593206976.0
2017-06-24,341.63,343.62,322.09,323.7,673585024.0
2017-06-25,323.47,332.79,284.65,303.25,1186880000.0
2017-06-26,302.95,311.46,238.65,272.69,2081810048.0
2017-06-27,272.69,293.09,227.14,293.09,1973869952.0
2017-06-28,293.04,333.1,276.41,327.93,2056550016.0
2017-06-29,328.37,330.71,297.37,302.88,1508579968.0
2017-06-30,303.15,315.17,288.44,294.92,1011800000.0
2017-07-01,293.35,293.75,268.62,274.6,1089200000.0
2017-07-02,275.12,295.51,262.52,287.99,1123330048.0
2017-07-03,288.41,291.1,281.18,282.9,851408000.0
2017-07-04,282.19,287.39,273.11,273.3,687691008.0
2017-07-05,273.1,275.13,261.45,268.77,790256000.0
2017-07-06,268.86,278.48,265.51,270.55,623080000.0
2017-07-07,270.35,273.94,244.17,245.99,687251968.0
2017-07-08,245.89,273.48,236.55,251.7,754958016.0
2017-07-09,251.82,255.1,242.14,242.14,505118016.0
2017-07-10,243.01,243.07,196.96,215.36,937219008.0
2017-07-11,211.52,220.29,183.39,197.4,1440950016.0
2017-07-12,197.15,230.77,189.59,230.77,1241190016.0
2017-07-13,231.81,231.81,200.07,209.73,828489024.0
2017-07-14,209.53,211.1,187.37,199.66,749382016.0
2017-07-15,199.71,200.16,170.65,170.65,810451968.0
2017-07-16,169.57,172.01,133.72,157.36,1516889984.0
2017-07-17,159.99,194.75,158.04,193.42,1669500032.0
2017-07-18,195.03,267.99,182.06,234.39,2709260032.0
2017-07-19,234.94,245.65,191.74,199.7,2328790016.0
2017-07-20,205.42,233.9,203.22,227.26,2224999936.0
2017-07-21,226.06,235.12,213.01,218.3,1006129984.0
2017-07-22,217.86,232.7,216.87,229.48,618259968.0
2017-07-23,229.12,231.68,217.72,225.95,649614976.0
2017-07-24,226.29,227.54,222.45,224.71,431691008.0
2017-07-25,224.37,225.32,195.85,206.71,1095760000.0
2017-07-26,207.09,210.77,194.78,203.95,717692032.0
2017-07-27,204.86,206.44,201.26,204.32,393283008.0
2017-07-28,204.32,204.9,192.3,193.12,562571008.0
2017-07-29,193.34,208.68,179.65,205.79,824355008.0
2017-07-30,206.74,208.54,196.15,197.98,596233984.0
2017-07-31,197.4,203.87,193.41,203.87,569414016.0
2017-08-01,204.69,227.74,204.69,226.77,1585330048.0
2017-08-02,227.01,229.51,218.12,219.95,632606016.0
2017-08-03,220.18,228.29,219.89,225.34,557217024.0
2017-08-04,225.31,227.62,222.06,223.07,539782976.0
2017-08-05,222.85,256.51,221.95,256.51,1332999936.0
2017-08-06,256.42,271.05,252.85,261.57,1482979968.0
2017-08-07,261.24,271.96,256.69,269.18,935726976.0
2017-08-08,269.1,298.91,266.8,296.77,1502409984.0
2017-08-09,297.63,318.72,276.69,296.03,2638579968.0
2017-08-10,296.96,306.59,289.93,295.89,1076819968.0
2017-08-11,294.49,309.21,294.49,308.86,953576000.0
2017-08-12,308.71,317.56,307.9,310.6,1111650048.0
2017-08-13,310.37,310.82,289.31,298.06,1369369984.0
2017-08-14,298.03,306.81,296.41,300.1,864390976.0
2017-08-15,299.95,300.41,279.33,289.82,1051800000.0
2017-08-16,289.82,303.41,285.39,302.27,967643008.0
2017-08-17,302.8,311.03,300.25,301.46,909494016.0
2017-08-18,301.7,307.96,292.5,295.59,936160000.0
2017-08-19,296.18,301.67,286.18,297.47,860201984.0
2017-08-20,296.64,301.43,291.58,301.43,571947008.0
2017-08-21,300.48,347.05,297.23,321.59,2448969984.0
2017-08-22,321.05,327.36,297.91,314.79,1336400000.0
2017-08-23,315.27,324.21,314.54,317.52,811990016.0
2017-08-24,317.45,327.96,317.08,325.61,697665024.0
2017-08-25,326.11,336.4,325.8,331.92,760329024.0
2017-08-26,331.99,334.98,327.92,333.88,514180992.0
2017-08-27,334.36,347.89,334.36,347.89,633369984.0
2017-08-28,350.04,352.05,338.41,347.75,854318976.0
2017-08-29,347.96,373.76,347.79,370.67,1220029952.0
2017-08-30,369.47,388.75,361.97,378.48,1333319936.0
2017-08-31,378.44,386.14,376.35,383.04,706254016.0
2017-09-01,383.47,390.04,383.47,387.74,874222016.0
2017-09-02,387.82,389.35,328.1,348.98,1483600000.0
2017-09-03,350.23,366.49,332.23,347.48,986265984.0
2017-09-04,347.13,347.13,279.94,295.17,1801689984.0
2017-09-05,297.57,318.57,268.29,312.99,1551049984.0
2017-09-06,313.8,334.66,313.49,334.34,1058830016.0
2017-09-07,333.52,333.52,319.94,329.43,718624000.0
2017-09-08,329.64,329.64,285.16,296.5,1098780032.0
2017-09-09,296.17,299.89,287.22,294.4,528620992.0
2017-09-10,294.06,294.76,268.97,288.75,698326016.0
2017-09-11,289.74,300.69,286.68,294.53,571307008.0
2017-09-12,294.63,311.2,287.23,291.46,753144000.0
2017-09-13,291.12,291.12,260.61,277.11,921692032.0
2017-09-14,276.59,280.84,213.91,213.91,1184589952.0
2017-09-15,215.22,258.65,195.04,250.46,1935699968.0
2017-09-16,250.87,262.59,238.22,246.52,711737024.0
2017-09-17,245.85,257.0,235.24,251.75,427452000.0
2017-09-18,252.23,293.5,252.23,293.5,1127750016.0
2017-09-19,293.66,295.77,274.48,282.8,646908992.0
2017-09-20,282.02,290.89,278.05,283.74,421404000.0
2017-09-21,283.26,286.61,255.02,258.58,601265984.0
2017-09-22,258.11,270.54,256.22,264.31,430080992.0
2017-09-23,264.6,286.17,261.12,286.17,450934016.0
2017-09-24,286.21,292.95,278.13,282.48,571411008.0
2017-09-25,282.22,293.52,281.88,292.33,483160992.0
2017-09-26,292.35,293.75,287.02,287.44,345800992.0
2017-09-27,287.02,308.02,286.82,306.47,550243968.0
2017-09-28,306.47,307.2,295.47,299.15,501894016.0
2017-09-29,299.12,299.92,279.77,291.47,541374976.0
2017-09-30,291.48,303.96,291.11,301.46,332439008.0
2017-10-01,301.55,303.19,295.06,302.34,306184992.0
2017-10-02,302.48,302.92,294.58,297.48,339443008.0
2017-10-03,297.48,300.11,288.13,292.46,321680000.0
2017-10-04,292.75,299.39,290.89,292.66,257906000.0
2017-10-05,292.77,298.04,288.84,295.86,253747008.0
2017-10-06,295.15,308.84,294.95,308.59,318664000.0
2017-10-07,308.89,313.13,304.98,311.12,342204992.0
2017-10-08,311.06,312.54,308.03,308.61,293167008.0
2017-10-09,308.67,309.31,288.18,297.39,559467008.0
2017-10-10,297.6,306.15,293.17,299.87,359705984.0
2017-10-11,301.18,304.39,299.1,303.46,264146000.0
2017-10-12,303.5,309.15,303.29,304.14,527556992.0
2017-10-13,304.08,348.6,299.66,338.76,1304359936.0
2017-10-14,338.85,347.98,334.7,339.63,516561984.0
2017-10-15,339.53,342.72,320.43,336.6,635406976.0
2017-10-16,336.71,349.35,332.04,333.38,692884992.0
2017-10-17,333.48,333.48,311.79,317.08,509924000.0
2017-10-18,316.94,317.24,290.64,314.32,606113984.0
2017-10-19,314.54,316.71,305.83,308.09,349830016.0
2017-10-20,308.05,311.44,303.49,304.01,396672992.0
2017-10-21,303.57,303.93,291.77,300.19,408014016.0
2017-10-22,300.55,305.5,292.81,295.45,327387008.0
2017-10-23,295.1,295.75,277.58,286.95,482336000.0
2017-10-24,287.12,311.96,282.66,298.33,684281024.0
2017-10-25,298.44,301.85,290.72,297.92,325040000.0
2017-10-26,298.02,301.07,295.22,296.53,270272992.0
2017-10-27,296.51,299.26,294.06,297.42,257168992.0
2017-10-28,297.92,300.36,293.58,296.3,264424000.0
2017-10-29,296.38,313.76,296.38,305.09,551752000.0
2017-10-30,304.78,310.5,304.35,307.75,331441984.0
2017-10-31,307.38,310.55,305.88,305.88,369583008.0
2017-11-01,305.76,306.4,290.58,291.69,553864000.0
2017-11-02,290.73,293.91,281.17,287.43,904900992.0
2017-11-03,288.5,308.31,287.69,305.71,646339968.0
2017-11-04,305.48,305.48,295.8,300.47,416479008.0
2017-11-05,300.04,301.37,295.12,296.26,337657984.0
2017-11-06,296.43,305.42,293.72,298.89,579358976.0
2017-11-07,298.57,304.84,290.77,294.66,540766016.0
2017-11-08,294.27,318.7,293.1,309.07,967955968.0
2017-11-09,308.64,329.45,307.06,320.88,893249984.0
2017-11-10,320.67,324.72,294.54,299.25,885985984.0
2017-11-11,298.59,319.45,298.19,314.68,842300992.0
2017-11-12,314.69,319.15,298.51,307.91,1613479936.0
2017-11-13,307.02,328.42,307.02,316.72,1041889984.0
2017-11-14,316.76,340.18,316.76,337.63,1069680000.0
2017-11-15,337.96,340.91,329.81,333.36,722665984.0
2017-11-16,333.44,336.16,323.61,330.92,797254016.0
2017-11-17,330.17,334.96,327.52,332.39,621732992.0
2017-11-18,331.98,349.62,327.69,347.61,649638976.0
2017-11-19,347.4,371.29,344.74,354.39,1181529984.0
2017-11-20,354.09,372.14,353.29,366.73,807027008.0
2017-11-21,367.44,372.47,350.69,360.4,949912000.0
2017-11-22,360.31,381.42,360.15,380.65,800819008.0
2017-11-23,381.44,425.55,376.09,410.17,1845680000.0
2017-11-24,412.5,480.97,402.76,474.91,2292829952.0
2017-11-25,475.68,485.19,461.05,466.28,1422080000.0
2017-11-26,465.97,472.72,451.61,471.33,1197779968.0
2017-11-27,471.53,493.4,468.48,480.36,1396480000.0
2017-11-28,480.52,482.48,466.35,472.9,1346499968.0
2017-11-29,473.28,522.31,425.07,427.52,2675940096.0
2017-11-30,431.21,465.5,401.24,447.11,1903040000.0
2017-12-01,445.21,472.61,428.31,466.54,1247879936.0
2017-12-02,466.85,476.24,456.65,463.45,943649984.0
2017-12-03,463.7,482.81,451.85,465.85,990556992.0
2017-12-04,466.05,474.78,453.31,470.2,1005550016.0
2017-12-05,470.29,473.56,457.66,463.28,1216720000.0
2017-12-06,462.6,462.71,420.21,428.59,1998259968.0
2017-12-07,426.37,441.4,414.41,434.41,2129570048.0
2017-12-08,434.99,466.06,422.37,456.03,2336379904.0
2017-12-09,457.34,504.15,456.25,473.5,2003849984.0
2017-12-10,472.79,472.79,429.51,441.72,1404179968.0
2017-12-11,440.36,516.97,439.1,515.14,1771440000.0
2017-12-12,522.29,657.32,504.49,651.43,5179829760.0
2017-12-13,644.91,747.99,597.8,702.77,4524539904.0
2017-12-14,700.59,753.12,664.99,695.82,3821580032.0
2017-12-15,696.38,697.13,621.06,684.45,2758710016.0
2017-12-16,686.19,718.39,680.79,696.21,2165690112.0
2017-12-17,696.24,735.83,696.24,719.97,2147389952.0
2017-12-18,721.73,803.93,689.23,794.65,3249230080.0
2017-12-19,793.9,881.94,785.34,826.82,4096549888.0
2017-12-20,827.52,845.06,756.0,819.09,3969939968.0
2017-12-21,820.24,880.54,792.69,821.06,3569060096.0
2017-12-22,822.64,827.68,543.76,674.86,4977710080.0
2017-12-23,681.32,763.9,679.73,719.39,2480339968.0
2017-12-24,721.77,721.77,614.92,694.15,2300549888.0
2017-12-25,698.87,782.52,698.87,765.83,2491760128.0
2017-12-26,763.37,786.79,760.93,773.84,2201159936.0
2017-12-27,774.97,789.25,738.41,762.84,2100029952.0
2017-12-28,762.21,763.32,701.19,737.02,2389149952.0
2017-12-29,740.39,770.12,729.61,753.59,2648969984.0
2017-12-30,753.82,753.82,685.23,717.26,3187780096.0
2017-12-31,712.21,760.35,710.12,756.73,2554269952.0
2018-01-01,755.76,782.53,742.0,772.64,2595760128.0
2018-01-02,772.35,914.83,772.35,884.44,5783349760.0
2018-01-03,886.0,974.47,868.45,962.72,5093159936.0
2018-01-04,961.71,1045.08,946.09,980.92,6502859776.0
2018-01-05,975.75,1075.39,956.33,997.72,6683149824.0
2018-01-06,995.15,1060.71,994.62,1041.68,4662219776.0
2018-01-07,1043.01,1153.17,1043.01,1153.17,5569880064.0
2018-01-08,1158.26,1266.93,1016.05,1148.53,8450970112.0
2018-01-09,1146.0,1320.98,1145.49,1299.74,7965459968.0
2018-01-10,1300.34,1417.38,1226.6,1255.82,9214950400.0
2018-01-11,1268.09,1337.3,1135.17,1154.93,7235899904.0
2018-01-12,1158.29,1296.04,1120.09,1273.2,5222300160.0
2018-01-13,1270.47,1432.88,1270.47,1396.42,5746760192.0
2018-01-14,1397.48,1400.56,1286.21,1366.77,4841630208.0
2018-01-15,1365.21,1390.59,1290.6,1291.92,4781100032.0
2018-01-16,1292.63,1292.63,875.54,1053.69,8405139968.0
2018-01-17,1061.34,1090.23,780.92,1014.25,8545160192.0
2018-01-18,1016.44,1100.31,967.76,1036.28,5938319872.0
2018-01-19,1028.82,1093.22,1003.71,1039.1,4084450048.0
2018-01-20,1044.95,1167.11,1044.95,1155.15,3975190016.0
2018-01-21,1155.68,1155.68,1021.5,1049.58,3378089984.0
2018-01-22,1055.35,1089.1,930.74,1003.26,3810099968.0
2018-01-23,1004.17,1023.23,920.54,986.23,3556699904.0
2018-01-24,987.48,1062.44,965.81,1058.78,3944039936.0
2018-01-25,1063.22,1104.66,1034.74,1056.03,4050190080.0
2018-01-26,1052.7,1080.6,996.78,1055.17,3617690112.0
2018-01-27,1055.75,1121.98,1042.12,1107.07,3002870016.0
2018-01-28,1111.78,1257.77,1111.78,1246.01,5372329984.0
2018-01-29,1246.7,1256.7,1169.08,1182.36,3715079936.0
2018-01-30,1184.13,1184.63,1058.97,1071.13,4107859968.0
2018-01-31,1071.09,1128.66,1034.5,1118.31,3757560064.0
2018-02-01,1119.37,1161.35,984.82,1036.79,5261680128.0
2018-02-02,1035.77,1035.77,757.98,915.78,6713290240.0
2018-02-03,919.21,991.94,847.69,964.02,3243480064.0
2018-02-04,964.67,969.03,805.06,834.68,2997090048.0
2018-02-05,834.96,856.65,644.6,697.95,4269530112.0
2018-02-06,707.74,796.44,574.42,793.12,6518269952.0
2018-02-07,790.43,851.2,723.43,757.07,3896179968.0
2018-02-08,755.84,845.09,755.84,817.81,3708189952.0
2018-02-09,818.48,884.0,788.83,883.86,2495820032.0
2018-02-10,882.47,917.4,825.58,860.41,2930530048.0
2018-02-11,859.29,859.29,788.22,814.66,2486650112.0
2018-02-12,817.51,875.94,817.51,868.71,2243450112.0
2018-02-13,869.29,870.71,828.84,845.26,2081170048.0
2018-02-14,844.28,926.43,844.28,923.56,2818370048.0
2018-02-15,923.73,951.95,911.11,936.98,2900100096.0
2018-02-16,934.79,950.01,917.85,944.21,2369449984.0
2018-02-17,944.75,976.59,940.75,974.11,2525720064.0
2018-02-18,973.35,982.93,915.45,923.92,2567290112.0
2018-02-19,921.67,957.78,921.55,943.86,2169019904.0
2018-02-20,943.57,965.27,892.95,895.37,2545260032.0
2018-02-21,894.14,912.38,830.56,849.97,2531729920.0
2018-02-22,849.26,875.93,802.67,812.84,2150370048.0
2018-02-23,811.59,886.32,794.79,864.19,2334820096.0
2018-02-24,861.59,879.53,818.55,840.52,1926579968.0
2018-02-25,839.46,853.15,822.38,844.81,1646960000.0
2018-02-26,845.28,880.39,842.32,869.32,2044480000.0
2018-02-27,870.36,896.26,867.1,878.27,2053980032.0
2018-02-28,877.93,890.11,855.12,855.2,1963980032.0
2018-03-01,856.01,880.3,851.92,872.2,1868519936.0
2018-03-02,871.76,876.38,852.42,856.85,1894419968.0
2018-03-03,856.71,868.45,855.21,857.22,1699369984.0
2018-03-04,856.19,867.95,840.28,866.68,1697939968.0
2018-03-05,866.85,869.92,853.52,853.68,1898489984.0
2018-03-06,853.82,853.82,809.93,816.95,1943069952.0
2018-03-07,816.27,825.61,726.55,752.83,2175419904.0
2018-03-08,752.57,773.77,696.17,704.6,1891640064.0
2018-03-09,702.2,729.16,648.11,728.92,2233019904.0
2018-03-10,730.16,748.03,682.7,686.89,1532960000.0
2018-03-11,685.31,735.83,668.12,723.34,1562680064.0
2018-03-12,724.41,742.51,683.27,699.83,1764999936.0
2018-03-13,698.15,713.73,682.35,690.83,1425959936.0
2018-03-14,691.22,702.78,594.1,614.29,1810560000.0
2018-03-15,614.84,620.62,579.51,611.3,1770460032.0
2018-03-16,611.78,623.17,587.86,601.67,1417350016.0
2018-03-17,601.68,609.15,549.1,552.78,1267810048.0
2018-03-18,551.64,551.64,460.09,538.64,2685499904.0
2018-03-19,546.63,558.1,519.12,556.73,2046790016.0
2018-03-20,556.72,567.09,521.2,557.17,1833680000.0
2018-03-21,559.1,589.61,550.57,561.73,1781270016.0
2018-03-22,562.1,577.57,523.09,539.7,1523459968.0
2018-03-23,539.86,540.49,512.13,539.62,1596349952.0
2018-03-24,542.57,545.38,526.08,526.44,1300009984.0
2018-03-25,522.7,535.82,515.66,524.29,1151170048.0
2018-03-26,524.29,526.38,470.44,489.95,1638880000.0
2018-03-27,489.59,491.46,449.97,450.12,1617939968.0
2018-03-28,450.29,466.21,444.86,446.28,1514179968.0
2018-03-29,448.08,450.81,385.81,385.97,1970230016.0
2018-03-30,385.9,409.93,368.63,394.64,1878130048.0
2018-03-31,395.0,418.47,392.95,396.46,1323920000.0
2018-04-01,397.25,400.53,363.8,379.61,1256930048.0
2018-04-02,379.7,395.17,377.59,386.42,1102259968.0
2018-04-03,387.31,418.97,383.53,416.89,1363399936.0
2018-04-04,416.48,417.47,375.31,380.54,1287730048.0
2018-04-05,379.95,387.72,369.82,383.23,1210680064.0
2018-04-06,382.73,385.2,366.91,370.29,967105984.0
2018-04-07,370.38,393.06,369.94,385.31,951475008.0
2018-04-08,385.74,402.59,385.6,400.51,948488000.0
2018-04-09,400.86,429.25,390.61,398.53,1478390016.0
2018-04-10,399.41,415.89,393.88,414.24,1196000000.0
2018-04-11,415.02,430.54,412.47,430.54,1439040000.0
2018-04-12,430.16,493.06,417.41,492.94,2519360000.0
2018-04-13,493.16,526.47,482.66,492.73,2419249920.0
2018-04-14,492.58,512.02,488.28,501.48,1519079936.0
2018-04-15,502.88,531.7,502.88,531.7,1726089984.0
2018-04-16,532.07,534.2,500.25,511.15,1758979968.0
2018-04-17,511.14,518.03,502.56,502.89,1760359936.0
2018-04-18,503.31,525.09,503.05,524.79,1762940032.0
2018-04-19,524.04,567.89,523.26,567.89,2256869888.0
2018-04-20,567.99,618.72,560.28,615.72,2849469952.0
2018-04-21,616.0,621.89,578.55,605.4,2612460032.0
2018-04-22,606.12,640.77,593.87,621.86,2426269952.0
2018-04-23,621.2,646.7,621.03,642.55,2386830080.0
2018-04-24,643.4,708.88,643.4,708.16,3581860096.0
2018-04-25,707.06,707.06,600.21,615.42,4216140032.0
2018-04-26,618.08,663.18,604.01,662.81,2984009984.0
2018-04-27,662.11,684.87,647.03,647.03,2598129920.0
2018-04-28,644.65,691.44,644.65,683.68,2496659968.0
2018-04-29,683.91,697.76,670.51,688.88,2740559872.0
2018-04-30,689.76,694.44,666.12,669.92,2853100032.0
2018-05-01,670.46,674.4,637.54,673.61,2678960128.0
2018-05-02,674.08,688.84,667.42,687.15,2822269952.0
2018-05-03,686.59,784.34,686.59,779.54,4210939904.0
2018-05-04,776.78,803.75,762.63,785.62,3533410048.0
2018-05-05,784.58,827.46,784.24,816.12,3035040000.0
2018-05-06,816.09,835.06,764.88,792.31,3105570048.0
2018-05-07,793.34,795.76,710.18,753.72,4316120064.0
2018-05-08,755.01,774.25,728.13,752.86,2920489984.0
2018-05-09,752.9,759.53,718.47,752.28,2877870080.0
2018-05-10,752.58,766.75,726.66,727.28,2748950016.0
2018-05-11,727.01,736.98,669.83,679.59,3290080000.0
2018-05-12,679.88,691.41,644.07,686.05,2668480000.0
2018-05-13,687.17,741.31,675.32,733.5,2362500096.0
2018-05-14,732.73,742.17,695.79,730.55,3005110016.0
2018-05-15,731.14,739.05,700.99,708.87,2523069952.0
2018-05-16,708.09,710.2,682.54,707.05,2476130048.0
2018-05-17,708.72,718.83,668.83,672.66,2350619904.0
2018-05-18,672.1,695.03,663.81,694.37,2305740032.0
2018-05-19,695.07,715.58,686.79,696.53,2021549952.0
2018-05-20,697.92,723.75,692.67,715.37,2156910080.0
2018-05-21,717.19,719.28,692.49,699.22,2005170048.0
2018-05-22,700.18,700.98,644.03,647.74,2230469888.0
2018-05-23,646.67,651.64,572.95,583.59,2995429888.0
2018-05-24,584.54,610.82,557.21,601.76,2791099904.0
2018-05-25,602.14,617.19,575.62,586.73,2110919936.0
2018-05-26,587.43,606.17,583.51,587.28,1694300032.0
2018-05-27,588.52,590.33,562.87,572.67,1788790016.0
2018-05-28,573.04,576.05,512.55,516.04,2356900096.0
2018-05-29,516.15,572.26,516.15,565.39,2330820096.0
2018-05-30,566.83,583.14,545.43,559.59,2053970048.0
2018-05-31,558.5,585.54,557.07,577.65,1985040000.0
2018-06-01,578.67,589.09,567.66,580.04,1945890048.0
2018-06-02,580.43,597.08,577.32,591.81,1880390016.0
2018-06-03,591.26,624.51,591.26,618.33,1832550016.0
2018-06-04,619.44,623.43,583.75,592.98,1903430016.0
2018-06-05,593.41,611.33,580.98,609.3,1844269952.0
2018-06-06,610.26,611.64,596.4,607.12,1756530048.0
2018-06-07,607.69,616.14,601.69,605.19,1880140032.0
2018-06-08,605.44,608.81,595.59,601.08,1637779968.0
2018-06-09,600.91,608.58,597.56,597.56,1519309952.0
2018-06-10,594.34,594.34,511.89,526.48,2234880000.0
2018-06-11,524.86,536.86,515.27,533.28,1982119936.0
2018-06-12,532.71,538.96,491.23,496.84,1932760064.0
2018-06-13,498.02,501.9,459.0,477.49,2080130048.0
2018-06-14,478.38,523.54,467.47,519.74,2458650112.0
2018-06-15,520.48,521.3,487.47,491.0,1808269952.0
2018-06-16,490.41,503.22,488.85,499.64,1314109952.0
2018-06-17,499.46,507.64,498.65,500.45,1264870016.0
2018-06-18,499.38,521.8,494.07,518.89,1513869952.0
2018-06-19,519.02,542.35,516.31,537.96,1726569984.0
2018-06-20,538.51,541.02,519.37,536.27,1596290048.0
2018-06-21,536.45,543.72,524.26,527.37,1462070016.0
2018-06-22,527.19,527.19,456.88,465.82,2226030080.0
2018-06-23,466.27,479.13,462.39,474.52,1651379968.0
2018-06-24,474.77,475.36,426.47,457.67,2490579968.0
2018-06-25,455.94,470.34,448.9,460.31,4007950080.0
2018-06-26,460.73,461.21,432.77,432.77,1356560000.0
2018-06-27,432.24,444.24,424.84,442.36,1368940032.0
2018-06-28,442.29,443.62,419.68,422.36,1360790016.0
2018-06-29,422.59,441.79,407.95,436.01,1564499968.0
2018-06-30,436.21,458.8,436.21,455.18,1475939968.0
2018-07-01,455.24,457.14,446.39,453.92,1511730048.0
2018-07-02,453.82,479.13,447.11,475.35,1625789952.0
2018-07-03,475.39,483.85,462.58,464.2,1683939968.0
2018-07-04,464.15,481.44,455.18,467.32,1549769984.0
2018-07-05,467.29,483.23,464.63,474.41,1828610048.0
2018-07-06,474.36,479.65,457.61,474.01,1627609984.0
2018-07-07,474.06,491.66,466.84,491.66,1358360064.0
2018-07-08,492.07,503.2,488.42,489.12,1344560000.0
2018-07-09,488.88,490.85,475.17,476.68,1533799936.0
2018-07-10,476.16,478.32,433.96,434.42,1789069952.0
2018-07-11,434.52,447.32,429.51,446.52,1422470016.0
2018-07-12,446.5,446.5,422.81,430.07,1495440000.0
2018-07-13,430.74,442.36,430.74,434.03,1489670016.0
2018-07-14,434.51,439.43,431.47,436.09,1235820032.0
2018-07-15,435.88,454.0,433.92,449.85,1350160000.0
2018-07-16,450.42,480.66,446.8,480.66,1858680064.0
2018-07-17,480.08,508.78,468.92,501.0,2288100096.0
2018-07-18,500.84,513.43,474.36,480.51,2371559936.0
2018-07-19,480.63,483.24,465.14,469.62,2068739968.0
2018-07-20,469.31,469.31,443.69,450.7,1821350016.0
2018-07-21,450.68,468.08,445.78,462.44,1504310016.0
2018-07-22,462.44,470.9,458.12,459.66,1338589952.0
2018-07-23,459.44,469.77,449.73,450.85,1596999936.0
2018-07-24,451.14,481.14,450.57,479.37,2287520000.0
2018-07-25,479.91,482.87,466.47,472.49,1930780032.0
2018-07-26,472.33,483.7,461.42,464.04,1621560064.0
2018-07-27,464.01,473.22,458.29,469.67,1734259968.0
2018-07-28,469.68,471.59,462.99,466.9,1531890048.0
2018-07-29,466.92,470.36,462.71,466.67,1631910016.0
2018-07-30,466.83,467.95,448.64,457.08,2141590000.0
2018-07-31,457.25,457.25,430.44,433.87,1820680000.0
2018-08-01,433.87,435.46,410.46,420.75,1888060000.0
2018-08-02,420.81,425.03,410.31,412.62,1569300000.0
2018-08-03,412.57,420.55,399.91,418.26,1722340000.0
2018-08-04,418.24,420.19,403.78,407.25,1466540000.0
2018-08-05,407.35,413.72,402.43,410.52,1396820000.0
2018-08-06,410.57,414.54,403.31,406.66,1384880000.0
2018-08-07,406.8,411.4,376.08,380.21,1828350000.0
2018-08-08,379.89,380.67,353.73,356.61,2016080000.0
2018-08-09,356.97,370.95,353.61,365.59,1616610000.0
2018-08-10,365.78,367.05,329.59,334.18,1699400000.0
2018-08-11,334.26,334.26,308.49,322.11,1790370000.0
2018-08-12,320.82,328.59,318.6,319.57,1625420000.0
2018-08-13,320.21,323.55,284.93,286.5,1751190000.0
2018-08-14,286.37,286.37,254.65,278.93,2137850000.0
2018-08-15,280.39,303.59,280.12,282.36,1878150000.0
2018-08-16,282.74,298.48,280.93,288.05,1552970000.0
2018-08-17,287.68,316.17,287.35,315.73,1995460000.0
2018-08-18,316.79,320.45,286.55,295.81,1764020000.0
2018-08-19,295.67,307.1,291.33,300.83,1447910000.0
2018-08-20,301.38,304.37,273.51,274.31,1413790000.0
2018-08-21,273.33,285.97,273.33,281.94,1164120000.0
2018-08-22,281.97,297.49,265.0,271.34,1507660000.0
2018-08-23,271.75,279.55,271.09,277.1,1271160000.0
2018-08-24,278.11,283.3,273.86,282.97,1450170000.0
2018-08-25,283.28,283.51,278.47,279.65,1208360000.0
2018-08-26,279.52,279.52,272.44,275.2,1206650000.0
2018-08-27,275.35,285.6,273.65,285.6,1406790000.0
2018-08-28,286.65,297.4,283.57,296.5,1513350000.0
2018-08-29,296.16,297.07,287.29,289.31,1474460000.0
2018-08-30,289.75,291.24,275.21,284.11,1513100000.0
2018-08-31,284.12,284.55,278.51,283.0,1411910000.0
2018-09-01,283.5,301.14,283.5,295.34,1546630000.0
2018-09-02,295.45,298.69,290.93,294.37,1321050000.0
2018-09-03,295.18,295.59,287.43,289.26,1394490000.0
2018-09-04,289.3,291.58,284.25,285.72,1554870000.0
2018-09-05,286.05,288.16,232.33,232.33,2390390000.0
2018-09-06,231.65,231.75,218.12,230.22,2097310000.0
2018-09-07,229.53,233.9,217.07,217.2,1678260000.0
2018-09-08,217.91,220.37,193.26,197.95,1517200000.0
2018-09-09,198.38,207.67,188.31,196.92,1585980000.0
2018-09-10,197.85,201.88,189.58,197.08,1502960000.0
2018-09-11,198.18,198.51,180.6,185.07,1568900000.0
2018-09-12,185.42,185.59,170.26,183.33,1874850000.0
2018-09-13,183.68,214.0,183.68,211.35,2330720000.0
2018-09-14,212.67,222.79,204.87,211.75,2232190000.0
2018-09-15,209.81,226.6,209.61,223.07,1670490000.0
2018-09-16,222.8,222.8,211.12,220.59,1502260000.0
2018-09-17,221.58,224.26,195.31,197.88,2019910000.0
2018-09-18,197.09,213.36,195.93,209.97,1800640000.0
2018-09-19,209.47,213.87,201.66,209.97,1733330000.0
2018-09-20,210.29,224.82,207.79,224.59,1782070000.0
2018-09-21,225.25,248.39,221.57,246.58,2836200000.0
2018-09-22,247.34,251.2,233.81,240.48,1921820000.0
2018-09-23,240.99,247.46,237.86,244.33,1693470000.0
2018-09-24,244.84,245.11,227.49,228.73,1748740000.0
2018-09-25,228.33,228.33,206.49,218.5,2120360000.0
2018-09-26,218.65,221.44,209.11,215.85,1756100000.0
2018-09-27,215.44,230.61,212.65,228.49,2030320000.0
2018-09-28,229.04,231.75,218.67,222.4,2018120000.0
2018-09-29,221.71,234.01,216.08,231.63,2208720000.0
2018-09-30,231.33,236.99,228.44,232.85,1765560000.0
2018-10-01,233.22,234.15,226.94,230.77,1597500000.0
2018-10-02,231.1,231.17,225.84,227.18,1542080000.0
2018-10-03,226.41,226.46,213.97,220.49,1683930000.0
2018-10-04,220.45,226.15,220.09,222.22,1479500000.0
2018-10-05,222.27,228.32,220.96,227.6,1547330000.0
2018-10-06,227.55,227.93,224.25,225.12,1505070000.0
2018-10-07,225.44,226.37,223.0,226.12,1470480000.0
2018-10-08,226.51,230.76,224.56,229.25,1470740000.0
2018-10-09,229.71,230.16,226.4,227.98,1405130000.0
2018-10-10,227.62,227.71,224.5,225.77,1384040000.0
2018-10-11,225.61,225.61,189.28,189.5,2167620000.0
2018-10-12,188.71,199.4,188.71,196.73,1487900000.0
2018-10-13,196.36,201.28,196.36,199.84,1167610000.0
2018-10-14,199.69,201.83,195.24,195.72,1169260000.0
2018-10-15,195.27,222.12,194.16,209.7,2865830000.0
2018-10-16,209.63,212.17,207.98,210.12,1532280000.0
2018-10-17,210.22,211.13,205.93,207.08,1444130000.0
2018-10-18,207.4,208.47,201.74,203.35,1365860000.0
2018-10-19,203.26,204.66,201.84,203.73,1264480000.0
2018-10-20,203.51,206.22,203.09,205.43,1238780000.0
2018-10-21,205.39,208.16,204.62,205.14,1190300000.0
2018-10-22,205.17,206.93,203.38,204.04,1328980000.0
2018-10-23,204.02,205.15,201.91,204.34,1237490000.0
2018-10-24,204.13,205.58,203.35,203.85,1102220000.0
2018-10-25,203.87,204.13,201.82,202.72,1102900000.0
2018-10-26,202.34,204.78,201.55,203.33,1161310000.0
2018-10-27,203.36,206.08,203.13,204.21,1084810000.0
2018-10-28,204.51,205.92,203.52,205.37,1139140000.0
2018-10-29,205.17,205.6,195.73,197.25,1517230000.0
2018-10-30,197.2,198.12,196.35,197.56,1363500000.0
2018-10-31,197.65,198.34,196.53,197.38,1442380000.0
2018-11-01,197.54,203.75,197.33,198.87,1336700000.0
2018-11-02,198.98,201.27,198.75,200.63,1451870000.0
2018-11-03,200.74,200.74,199.53,200.19,1307150000.0
2018-11-04,200.16,211.27,198.99,207.49,1749300000.0
2018-11-05,207.1,210.82,206.57,209.09,1613510000.0
2018-11-06,209.47,218.45,207.89,218.45,1856940000.0
2018-11-07,218.9,221.65,216.8,217.18,1927830000.0
2018-11-08,217.33,218.34,212.2,212.23,1769080000.0
2018-11-09,211.99,213.32,209.51,210.07,1554750000.0
2018-11-10,209.97,213.86,209.81,212.53,1377760000.0
2018-11-11,212.48,213.0,208.87,211.34,1501600000.0
2018-11-12,211.51,212.62,208.92,210.42,1452380000.0
2018-11-13,210.15,210.51,206.13,206.83,1610260000.0
2018-11-14,206.53,207.04,174.08,181.4,2595330000.0
2018-11-15,181.9,184.25,170.19,180.81,2638410000.0
2018-11-16,180.87,181.35,173.13,175.18,2015330000.0
2018-11-17,175.36,175.85,172.87,174.0,1832800000.0
2018-11-18,174.18,179.15,174.18,177.07,1810920000.0
2018-11-19,177.18,177.18,147.85,149.18,2745160000.0
2018-11-20,148.81,151.25,126.36,130.34,3134410000.0
2018-11-21,131.14,138.89,125.76,136.7,2685930000.0
2018-11-22,136.81,137.74,126.71,126.71,1792150000.0
2018-11-23,126.42,127.03,119.56,123.3,1998010000.0
2018-11-24,123.3,126.79,110.83,113.49,1800960000.0
2018-11-25,113.13,118.88,101.77,116.45,2466750000.0
2018-11-26,116.34,118.2,104.89,108.33,2139490000.0
2018-11-27,107.91,111.84,102.45,110.01,2320010000.0
2018-11-28,110.2,126.05,110.2,122.44,2673470000.0
2018-11-29,122.72,123.23,115.3,117.54,2196099151.0
2018-11-30,117.73,119.42,111.74,113.17,2020748396.0
2018-12-01,113.4,120.84,111.62,118.64,2131475768.0
2018-12-02,118.27,120.56,116.09,116.39,1856199149.0
2018-12-03,116.38,116.62,107.42,108.93,1772756193.0
2018-12-04,108.8,113.14,107.4,110.21,1748116495.0
2018-12-05,110.34,110.6,102.48,102.48,1990157607.0
2018-12-06,102.45,104.1,91.76,91.76,2310716932.0
2018-12-07,91.65,96.09,83.47,93.29,2554304530.0
2018-12-08,93.41,97.06,86.83,92.16,1855759401.0
2018-12-09,92.04,98.9,91.03,95.14,1875567180.0
2018-12-10,94.99,96.26,90.65,91.69,1756437577.0
2018-12-11,91.58,92.78,87.69,88.95,1707497898.0
2018-12-12,88.61,92.24,88.26,90.59,1533050103.0
2018-12-13,90.66,91.11,85.52,86.54,1754475622.0
2018-12-14,86.63,87.14,83.23,84.31,1651491877.0
2018-12-15,84.28,85.34,82.83,84.44,1496176898.0
2018-12-16,84.47,87.57,84.47,85.26,1565817037.0
2018-12-17,85.38,96.81,85.38,95.13,2101453024.0
2018-12-18,95.11,101.32,92.97,101.11,2277514076.0
2018-12-19,101.68,108.55,100.69,101.27,2456482115.0
2018-12-20,101.09,117.17,100.64,116.22,3063842618.0
2018-12-21,115.84,119.09,107.58,109.5,2632539990.0
2018-12-22,109.46,116.76,107.5,116.76,2338772939.0
2018-12-23,117.27,133.08,117.27,130.77,3579715061.0
2018-12-24,130.64,157.67,130.64,140.24,4370343387.0
2018-12-25,141.0,141.0,125.11,129.84,3298280609.0
2018-12-26,129.89,136.68,126.29,131.87,2720469126.0
2018-12-27,131.92,132.68,115.65,116.58,2612804378.0
2018-12-28,116.9,137.65,115.69,137.65,3130201009.0
2018-12-29,138.47,147.03,134.57,138.02,3169029972.0
2018-12-30,137.63,140.69,133.98,139.86,2660086834.0
2018-12-31,140.03,140.18,132.52,133.37,2358360234.0
2019-01-01,133.42,141.4,132.65,140.82,2258709868.0
2019-01-02,141.52,156.93,140.65,155.05,3328240369.0
2019-01-03,155.2,155.86,147.2,149.14,2676164880.0
2019-01-04,148.91,156.88,147.91,154.58,3126192535.0
2019-01-05,154.34,160.82,154.34,155.64,3338211928.0
2019-01-06,155.8,159.37,152.09,157.75,3231294371.0
2019-01-07,157.81,158.45,151.15,151.7,2712108388.0
2019-01-08,151.97,153.63,148.67,150.36,2459808140.0
2019-01-09,150.55,153.62,150.29,150.8,2369241197.0
2019-01-10,150.84,152.15,126.53,128.63,3397734456.0
2019-01-11,127.81,130.17,125.24,127.55,2667585234.0
2019-01-12,127.53,128.67,125.45,125.97,2212109224.0
2019-01-13,125.91,126.27,116.09,116.9,2268263944.0
2019-01-14,116.98,130.86,116.97,129.07,2798085735.0
2019-01-15,129.17,130.74,120.31,122.03,2735449164.0
2019-01-16,121.81,127.12,121.44,123.55,2746469340.0
2019-01-17,123.57,124.27,120.82,123.74,2594091285.0
2019-01-18,123.65,123.84,120.24,121.01,2305389800.0
2019-01-19,121.61,125.9,121.16,124.52,3048261797.0
2019-01-20,124.63,125.07,118.7,119.47,2964108269.0
2019-01-21,119.64,119.72,116.16,117.16,2421720343.0
2019-01-22,117.11,119.66,114.68,118.75,2552507405.0
2019-01-23,118.71,119.42,116.38,117.45,2556952198.0
2019-01-24,117.46,118.03,116.01,117.36,2520843420.0
2019-01-25,117.59,117.8,115.83,116.38,2606881898.0
2019-01-26,116.37,118.08,115.98,116.49,2412181169.0
2019-01-27,116.51,116.69,113.41,113.41,2775888287.0
2019-01-28,113.29,113.69,103.34,106.59,3366895505.0
2019-01-29,106.72,107.17,104.0,105.6,2900418606.0
2019-01-30,105.41,109.45,104.84,108.91,2874370355.0
2019-01-31,108.9,110.46,106.53,107.06,2828796031.0
2019-02-01,107.15,108.64,105.05,107.61,2541271519.0
2019-02-02,107.47,110.65,106.76,110.43,2385157838.0
2019-02-03,110.49,110.83,106.56,107.49,2519334757.0
2019-02-04,107.63,108.7,107.07,107.82,2491888675.0
2019-02-05,107.63,108.13,106.91,107.44,2515863999.0
2019-02-06,107.57,107.57,102.93,104.92,2593048199.0
2019-02-07,104.84,106.06,104.41,104.54,2326764622.0
2019-02-08,104.65,119.81,104.19,119.27,3656841347.0
2019-02-09,119.21,120.69,118.0,119.43,2884650400.0
2019-02-10,119.41,124.85,117.11,124.81,3148766590.0
2019-02-11,124.87,124.87,120.31,121.3,3222473887.0
2019-02-12,121.18,123.47,119.6,122.57,3149576429.0
2019-02-13,122.54,125.55,121.61,122.55,3386585799.0
2019-02-14,122.42,124.45,121.33,121.39,3331701628.0
2019-02-15,121.45,123.66,121.37,122.1,3021741615.0
2019-02-16,122.4,124.13,122.3,123.26,2905833287.0
2019-02-17,123.18,134.46,123.09,133.6,4236081130.0
2019-02-18,133.03,147.69,133.0,146.1,5387525773.0
2019-02-19,146.4,149.93,145.13,145.35,5310842625.0
2019-02-20,145.17,149.55,142.5,149.55,4500094965.0
2019-02-21,149.35,149.35,144.56,146.13,3995766856.0
2019-02-22,146.07,149.27,145.21,149.09,3731099284.0
2019-02-23,148.68,159.13,147.33,158.8,4519468458.0
2019-02-24,158.9,165.55,135.85,135.85,5957715043.0
2019-02-25,135.5,142.53,135.48,139.82,4914392068.0
2019-02-26,139.65,139.98,136.58,138.09,3791292839.0
2019-02-27,138.03,141.34,131.6,136.13,4469776860.0
2019-02-28,136.28,138.85,135.66,136.75,4535438953.0
2019-03-01,136.84,139.0,136.43,136.44,3756124824.0
2019-03-02,136.35,137.18,132.44,134.21,3747176425.0
2019-03-03,134.79,135.85,131.33,132.25,3454374053.0
2019-03-04,132.16,132.73,125.4,127.77,4008171341.0
2019-03-05,127.79,138.23,126.74,137.82,4764849990.0
2019-03-06,137.96,139.97,136.15,138.79,4589054219.0
2019-03-07,138.94,140.86,137.27,138.03,4339206292.0
2019-03-08,138.31,139.5,133.56,135.13,4678816794.0
2019-03-09,134.89,139.12,134.68,137.97,5011918715.0
2019-03-10,138.18,138.27,135.69,136.76,4578438499.0
2019-03-11,136.85,137.35,133.1,133.83,4689807419.0
2019-03-12,134.01,135.27,130.94,134.44,4709988000.0
2019-03-13,134.61,134.61,132.72,133.26,4265162099.0
2019-03-14,133.2,135.18,132.75,133.71,4476532147.0
2019-03-15,133.57,138.4,133.57,137.69,4506861856.0
2019-03-16,137.91,144.56,137.91,142.4,4839003569.0
2019-03-17,142.24,142.37,139.32,140.0,3827157729.0
2019-03-18,140.1,142.27,138.84,139.37,4551739879.0
2019-03-19,139.25,140.99,139.14,140.52,4251488129.0
2019-03-20,140.48,140.95,138.31,140.69,4664134462.0
2019-03-21,140.48,141.0,135.86,136.64,5087247796.0
2019-03-22,136.56,138.79,136.23,137.18,4490899266.0
2019-03-23,137.04,139.39,136.91,138.24,4436568613.0
2019-03-24,138.32,138.38,136.31,136.99,4266845458.0
2019-03-25,137.08,137.7,133.49,135.03,4480516753.0
2019-03-26,135.05,135.46,133.76,135.46,4499271679.0
2019-03-27,135.45,141.08,135.34,140.99,5228240093.0
2019-03-28,141.01,141.01,138.43,139.42,4163212475.0
2019-03-29,139.34,142.55,138.05,142.5,5125602702.0
2019-03-30,142.36,149.61,141.03,142.09,5144662127.0
2019-03-31,142.14,142.19,140.7,141.51,4249050197.0
2019-04-01,141.47,142.73,140.74,141.83,4611999536.0
2019-04-02,141.84,165.23,141.64,163.96,9826645698.0
2019-04-03,164.01,178.32,157.32,161.46,10622456246.0
2019-04-04,161.43,164.93,155.24,158.05,7953123529.0
2019-04-05,158.02,167.22,157.44,165.51,7531316908.0
2019-04-06,165.51,172.52,161.8,165.95,7167016221.0
2019-04-07,165.98,175.21,164.93,174.53,7596176020.0
2019-04-08,174.45,184.38,174.16,180.26,9304964610.0
2019-04-09,180.22,180.25,175.09,176.11,7632529578.0
2019-04-10,176.07,183.13,175.23,177.34,7856924879.0
2019-04-11,177.34,177.49,162.32,165.5,7859383417.0
2019-04-12,165.34,166.13,161.03,164.74,6237185309.0
2019-04-13,164.62,166.36,163.01,164.51,4959301561.0
2019-04-14,164.48,168.59,162.78,167.84,4846298303.0
2019-04-15,167.9,168.82,159.56,161.57,5672311824.0
2019-04-16,161.53,167.67,160.89,167.62,5180105341.0
2019-04-17,167.55,168.94,165.5,166.95,5596102715.0
2019-04-18,166.91,175.37,166.67,173.81,6971581464.0
2019-04-19,173.79,173.98,170.62,173.71,6541053061.0
2019-04-20,173.72,176.71,171.79,173.75,6142567812.0
2019-04-21,173.72,174.42,167.43,170.05,6005571688.0
2019-04-22,170.02,173.07,168.73,171.87,6094878077.0
2019-04-23,172.01,176.85,170.9,171.45,7097827092.0
2019-04-24,171.35,171.57,161.98,165.83,7351304156.0
2019-04-25,165.91,166.51,153.85,154.46,6820332362.0
2019-04-26,154.58,158.03,152.09,156.35,7505283355.0
2019-04-27,156.27,160.59,155.62,158.43,5863109118.0
2019-04-28,158.5,159.57,157.13,157.3,5379894433.0
2019-04-29,157.29,158.33,153.19,155.2,6053776253.0
2019-04-30,155.17,162.43,155.17,162.17,6275803460.0
2019-05-01,162.19,164.06,159.66,160.82,5789172433.0
2019-05-02,160.85,162.94,160.06,162.12,6044171062.0
2019-05-03,162.08,170.07,161.08,167.95,7299410672.0
2019-05-04,167.89,170.65,161.79,164.03,6658100049.0
2019-05-05,164.02,165.4,159.7,163.45,5938415562.0
2019-05-06,163.34,175.76,159.99,172.65,7540096853.0
2019-05-07,172.43,180.39,169.69,169.8,8411140170.0
2019-05-08,169.9,172.18,166.41,170.95,6416569598.0
2019-05-09,170.95,172.88,167.25,170.29,6546914198.0
2019-05-10,170.31,175.89,168.99,173.14,8036919053.0
2019-05-11,173.14,203.47,173.14,194.3,12578331654.0
2019-05-12,194.16,201.88,183.65,187.33,10326050090.0
2019-05-13,187.42,205.1,185.31,196.85,10367149039.0
2019-05-14,196.74,217.87,196.05,217.15,12751049755.0
2019-05-15,217.01,247.45,216.82,247.15,13460006534.0
2019-05-16,246.94,275.39,245.8,264.01,18661465873.0
2019-05-17,263.85,266.98,227.77,243.76,16037551694.0
2019-05-18,243.91,246.36,233.1,234.6,10933142646.0
2019-05-19,234.45,263.74,233.76,261.29,12049250894.0
2019-05-20,261.27,261.55,241.8,251.86,10834541285.0
2019-05-21,251.65,262.11,248.2,255.22,11545049593.0
2019-05-22,255.0,258.8,242.73,244.7,9818257463.0
2019-05-23,244.67,247.62,233.79,245.97,10671663487.0
2019-05-24,245.99,255.26,243.24,249.48,9929433206.0
2019-05-25,249.69,257.36,249.09,251.76,8924985385.0
2019-05-26,251.72,269.17,247.25,267.07,9664267731.0
2019-05-27,267.14,278.51,265.44,272.86,12074664736.0
2019-05-28,272.59,274.32,267.51,271.77,10362846898.0
2019-05-29,271.78,273.76,263.09,269.46,9819132174.0
2019-05-30,269.55,287.2,247.35,255.86,13604268584.0
2019-05-31,256.02,268.66,249.11,268.11,11255023515.0
2019-06-01,268.43,273.56,263.52,265.39,9942869852.0
2019-06-02,265.51,272.81,265.04,270.23,8744111713.0
2019-06-03,270.09,270.33,251.26,252.61,9375712917.0
2019-06-04,252.51,252.51,236.13,241.34,10132549747.0
2019-06-05,241.5,248.14,239.98,247.05,8548917062.0
2019-06-06,246.93,249.94,238.5,249.47,8265146806.0
2019-06-07,249.34,254.35,246.6,250.93,8379534528.0
2019-06-08,251.25,252.38,243.23,245.74,7225996863.0
2019-06-09,245.54,245.97,229.26,233.09,7566421456.0
2019-06-10,232.83,247.66,229.34,247.52,8141159848.0
2019-06-11,247.86,248.66,239.83,245.78,7382269700.0
2019-06-12,245.93,261.02,244.49,260.9,8645598618.0
2019-06-13,260.91,262.16,255.6,256.17,8442077836.0
2019-06-14,256.18,265.37,254.15,264.09,8676891267.0
2019-06-15,263.93,271.51,262.12,269.02,8126853944.0
2019-06-16,268.9,278.14,265.54,269.22,9676746453.0
2019-06-17,269.09,275.44,268.35,274.35,6009795781.0
2019-06-18,274.32,274.32,263.14,265.05,6205242504.0
2019-06-19,265.06,270.33,264.75,269.43,5516510947.0
2019-06-20,269.41,274.07,265.5,271.7,6408981097.0
2019-06-21,271.74,295.3,271.74,294.91,9331694140.0
2019-06-22,295.12,315.19,294.73,309.38,10613731255.0
2019-06-23,309.42,318.57,305.76,307.83,8161062380.0
2019-06-24,307.72,312.33,299.56,310.42,8205712062.0
2019-06-25,310.68,318.13,307.64,318.13,9641764965.0
2019-06-26,317.99,361.4,315.95,336.75,16437084081.0
2019-06-27,336.96,343.43,278.57,294.27,14038092503.0
2019-06-28,294.14,313.03,292.94,311.23,11514656820.0
2019-06-29,311.28,322.04,294.75,320.06,10929374565.0
2019-06-30,319.58,322.79,290.7,290.7,10303111000.0
2019-07-01,290.27,301.03,280.02,293.64,10292223948.0
2019-07-02,293.54,295.66,272.6,291.6,10618413952.0
2019-07-03,291.76,303.34,291.4,303.1,9926711979.0
2019-07-04,303.03,303.96,282.77,284.52,8403513106.0
2019-07-05,284.38,293.92,282.69,288.0,8723493015.0
2019-07-06,287.89,295.99,286.67,287.55,7674615025.0
2019-07-07,287.6,310.14,286.11,305.7,8119724981.0
2019-07-08,305.73,314.27,303.5,313.25,9078905628.0
2019-07-09,313.33,318.22,305.29,308.88,10055159803.0
2019-07-10,308.85,313.07,285.57,290.0,11679985167.0
2019-07-11,289.95,290.02,266.09,268.7,10216287022.0
2019-07-12,268.69,278.86,268.0,276.28,8148936015.0
2019-07-13,276.29,276.69,263.07,269.46,6716829429.0
2019-07-14,269.28,269.64,227.27,227.58,8578339386.0
2019-07-15,227.97,235.03,210.39,229.78,9723674244.0
2019-07-16,229.75,234.51,197.38,199.19,9036620494.0
2019-07-17,199.07,217.98,193.99,211.48,9387747640.0
2019-07-18,211.44,229.24,208.04,226.57,9327816059.0
2019-07-19,226.66,226.94,215.84,221.33,7606433131.0
2019-07-20,221.41,234.2,221.19,229.12,7976245988.0
2019-07-21,229.17,229.86,219.03,225.63,6685082868.0
2019-07-22,225.7,226.86,213.45,217.56,6338843919.0
2019-07-23,217.57,218.52,209.64,212.73,6976091534.0
2019-07-24,212.55,217.54,203.89,217.05,7168982843.0
2019-07-25,216.97,224.25,216.14,219.62,6731281160.0
2019-07-26,219.63,220.24,214.13,219.63,5729852178.0
2019-07-27,219.62,223.52,204.9,207.41,6257703908.0
2019-07-28,207.41,212.04,202.25,211.19,5504887934.0
2019-07-29,211.12,213.93,208.76,211.27,5485190664.0
2019-07-30,211.34,213.61,206.87,210.52,5489918859.0
2019-07-31,210.49,218.65,210.44,218.65,6003828340.0
2019-08-01,218.55,218.81,212.91,217.81,5965442642.0
2019-08-02,217.88,222.18,215.98,217.87,6159440229.0
2019-08-03,217.9,224.62,217.33,222.49,5697798687.0
2019-08-04,222.58,224.23,218.49,222.67,5238542572.0
2019-08-05,222.65,235.64,222.6,234.22,7765060287.0
2019-08-06,234.25,239.12,223.55,226.02,7647742672.0
2019-08-07,225.93,229.66,222.78,226.39,7020342210.0
2019-08-08,226.52,226.77,216.52,220.94,6713525644.0
2019-08-09,220.91,221.36,208.25,210.49,6964818795.0
2019-08-10,210.53,213.73,203.79,206.73,6584748527.0
2019-08-11,206.73,216.6,206.51,216.09,6440605605.0
2019-08-12,216.06,216.14,210.95,211.29,5674315559.0
2019-08-13,211.34,211.38,205.42,208.71,5946313205.0
2019-08-14,208.6,209.07,186.33,186.61,7444456154.0
2019-08-15,186.68,189.46,178.14,188.5,8197244441.0
2019-08-16,188.64,188.91,180.38,185.44,7133915837.0
2019-08-17,185.53,186.7,182.59,185.69,5512696513.0
2019-08-18,185.84,197.52,183.69,194.49,5969012024.0
2019-08-19,194.56,203.56,193.11,203.09,6145148692.0
2019-08-20,202.81,203.02,195.62,196.57,6408417610.0
2019-08-21,196.62,197.03,182.69,186.89,7775772700.0
2019-08-22,186.94,194.42,183.38,191.33,7569043874.0
2019-08-23,191.11,195.91,189.56,194.71,6658162377.0
2019-08-24,194.67,194.78,187.63,191.29,6249737982.0
2019-08-25,191.23,192.16,184.96,186.84,5826017143.0
2019-08-26,186.74,193.44,186.74,188.93,7207986636.0
2019-08-27,188.95,188.96,185.47,187.52,6042327402.0
2019-08-28,187.5,187.93,172.19,173.89,6696604087.0
2019-08-29,173.96,174.0,167.17,169.52,7129569083.0
2019-08-30,169.49,170.77,167.07,168.83,5776520220.0
2019-08-31,168.89,174.32,167.8,172.47,5830212249.0
2019-09-01,172.46,173.7,169.53,171.63,5554799576.0
2019-09-02,171.7,180.15,170.45,178.35,6503447137.0
2019-09-03,178.36,182.35,175.97,179.5,6962728938.0
2019-09-04,179.49,180.14,175.33,175.99,5938120494.0
2019-09-05,175.97,176.16,171.75,174.22,5589476516.0
2019-09-06,174.17,177.72,168.34,169.96,6797611878.0
2019-09-07,169.96,180.85,169.44,178.26,6791531342.0
2019-09-08,178.28,182.98,178.14,181.36,6472677266.0
2019-09-09,181.36,184.15,177.42,181.15,7232938985.0
2019-09-10,181.21,184.06,178.12,179.79,6291476772.0
2019-09-11,179.84,181.76,176.5,178.73,7157139035.0
2019-09-12,178.8,182.0,177.85,181.02,5838605477.0
2019-09-13,180.98,181.5,178.58,181.11,5955041237.0
2019-09-14,181.32,188.45,180.37,188.11,6500686511.0
2019-09-15,188.07,190.4,186.45,189.79,6222874780.0
2019-09-16,189.69,198.2,189.69,197.11,8242029488.0
2019-09-17,197.11,213.73,196.72,208.61,10232590812.0
2019-09-18,208.05,216.71,208.05,211.39,9194634557.0
2019-09-19,211.25,222.87,204.69,221.28,10620070913.0
2019-09-20,221.07,221.6,215.16,218.05,8027974273.0
2019-09-21,217.9,220.96,215.0,215.52,7743309778.0
2019-09-22,215.49,216.09,207.64,211.55,7812854576.0
2019-09-23,211.71,211.84,201.89,201.92,7494673136.0
2019-09-24,201.84,203.5,162.73,168.11,11757739233.0
2019-09-25,168.13,174.72,164.91,170.89,9766632018.0
2019-09-26,170.76,171.69,157.13,166.73,7848286154.0
2019-09-27,166.65,175.61,163.21,174.71,7909313625.0
2019-09-28,174.68,175.78,170.77,174.57,6895423445.0
2019-09-29,174.61,175.21,167.0,170.5,6497088199.0
2019-09-30,170.46,179.87,167.04,179.87,7552915148.0
2019-10-01,180.21,185.05,175.81,177.34,7676276225.0
2019-10-02,177.22,180.83,175.33,180.71,6335595250.0
2019-10-03,180.7,180.8,172.6,175.2,6381403725.0
2019-10-04,175.24,178.55,173.56,176.99,6248928449.0
2019-10-05,176.95,177.71,173.07,176.35,5837211771.0
2019-10-06,176.36,177.36,171.3,173.06,5852890674.0
2019-10-07,172.94,182.36,171.53,181.19,7844316834.0
2019-10-08,181.11,184.36,179.13,182.02,7466282780.0
2019-10-09,182.04,194.3,180.67,193.29,9088122101.0
2019-10-10,193.19,193.9,188.31,191.66,8375913276.0
2019-10-11,191.8,195.32,181.66,182.57,9128522970.0
2019-10-12,182.53,186.3,179.98,180.83,7494328840.0
2019-10-13,180.86,185.08,180.32,182.08,6733182273.0
2019-10-14,182.03,187.3,181.66,186.96,7276520699.0
2019-10-15,186.98,187.76,179.46,181.41,7731456579.0
2019-10-16,181.34,181.67,174.06,176.01,7691244590.0
2019-10-17,175.91,178.9,174.57,178.03,6737237423.0
2019-10-18,177.99,178.18,171.01,173.62,7566257807.0
2019-10-19,173.65,175.61,172.22,172.91,6551453871.0
2019-10-20,172.97,176.72,171.21,175.53,6801091120.0
2019-10-21,175.52,177.74,173.29,174.92,6815820627.0
2019-10-22,174.91,175.65,172.27,172.3,6990951966.0
2019-10-23,172.26,172.42,157.46,162.4,9624925919.0
2019-10-24,162.51,164.15,160.89,162.17,7300917537.0
2019-10-25,162.19,183.0,161.97,181.52,10358594018.0
2019-10-26,181.67,195.94,176.13,179.84,13831784986.0
2019-10-27,179.93,188.16,177.68,184.24,10815941952.0
2019-10-28,184.4,187.88,180.25,182.66,10406734124.0
2019-10-29,182.67,191.85,182.36,190.34,10622761958.0
2019-10-30,190.34,191.11,181.55,184.69,10484902804.0
2019-10-31,184.8,188.75,180.07,183.97,9607939606.0
2019-11-01,183.8,185.06,181.09,183.97,9145611130.0
2019-11-02,184.02,185.71,182.8,183.93,8087991830.0
2019-11-03,183.99,185.02,179.82,182.43,8760247744.0
2019-11-04,182.32,188.02,181.82,186.36,10551917945.0
2019-11-05,186.31,191.26,184.33,189.3,10024177342.0
2019-11-06,189.11,193.55,188.67,191.59,10156458684.0
2019-11-07,191.5,191.86,186.57,187.98,9081247799.0
2019-11-08,187.92,188.82,182.54,184.21,9176780911.0
2019-11-09,184.31,185.84,183.9,185.03,7277418704.0
2019-11-10,184.94,190.92,184.69,189.48,8752784211.0
2019-11-11,189.5,190.34,185.09,185.49,7877424106.0
2019-11-12,185.56,187.95,184.19,186.84,7792186666.0
2019-11-13,186.94,189.33,185.94,188.26,7343173596.0
2019-11-14,188.27,188.63,184.99,186.0,7872664470.0
2019-11-15,186.06,186.25,179.38,180.52,8815678477.0
2019-11-16,180.5,184.16,179.99,183.35,6789888120.0
2019-11-17,183.35,188.19,182.34,185.12,7364325471.0
2019-11-18,185.04,186.93,179.18,180.56,7787662111.0
2019-11-19,180.5,182.53,175.2,177.46,7536699743.0
2019-11-20,177.42,178.99,175.29,175.7,7205785149.0
2019-11-21,175.67,176.21,159.37,161.46,8546371325.0
2019-11-22,161.51,163.03,142.34,150.27,12020749863.0
2019-11-23,150.21,154.1,147.6,153.42,8289198330.0
2019-11-24,153.43,153.97,142.83,142.83,7782769098.0
2019-11-25,142.7,150.21,133.8,146.48,10962753356.0
2019-11-26,146.4,150.0,145.22,148.97,7648516297.0
2019-11-27,148.4,154.89,143.53,153.01,8778095308.0
2019-11-28,153.07,156.61,151.09,151.72,7346531960.0
2019-11-29,151.77,156.85,151.46,155.3,7503898278.0
2019-11-30,155.29,156.69,151.23,152.54,6565950868.0
2019-12-01,152.49,152.49,147.07,151.19,7102780298.0
2019-12-02,151.18,152.12,147.61,149.06,6670561362.0
2019-12-03,149.06,150.31,146.0,147.96,6204379850.0
2019-12-04,147.92,150.68,145.0,146.75,7865937094.0
2019-12-05,146.69,153.16,145.46,149.25,6745910228.0
2019-12-06,149.4,149.67,147.61,149.19,6458766441.0
2019-12-07,149.2,149.8,148.37,148.77,5911233284.0
2019-12-08,148.74,152.39,148.31,151.26,6441727252.0
2019-12-09,151.22,151.91,147.62,148.23,6744206747.0
2019-12-10,148.18,148.56,144.91,146.27,6859512025.0
2019-12-11,146.32,147.14,143.05,143.61,7037180049.0
2019-12-12,143.62,145.75,141.44,145.6,7890383413.0
2019-12-13,145.66,145.86,143.75,144.94,7264810247.0
2019-12-14,144.95,145.53,142.43,142.87,7048066973.0
2019-12-15,142.86,143.93,139.43,143.11,7235153411.0
2019-12-16,143.14,143.22,132.46,133.61,8992282119.0
2019-12-17,133.65,134.01,121.4,122.6,9057166141.0
2019-12-18,122.66,133.39,119.78,133.09,11864518321.0
2019-12-19,133.05,134.19,125.97,129.32,9564699140.0
2019-12-20,129.38,129.76,126.99,129.07,8173594150.0
2019-12-21,129.1,129.15,127.61,128.13,7449064703.0
2019-12-22,128.1,133.16,127.93,132.37,9121058481.0
2019-12-23,132.31,134.73,127.42,128.61,9622497693.0
2019-12-24,128.63,131.67,127.31,129.06,7961819689.0
2019-12-25,129.07,129.07,124.89,126.45,8418019054.0
2019-12-26,126.49,130.9,125.41,126.36,8600871980.0
2019-12-27,126.37,128.1,124.82,127.21,8299390176.0
2019-12-28,127.21,130.26,126.9,128.32,8069298610.0
2019-12-29,128.27,136.81,128.0,134.76,9708776786.0
2019-12-30,134.8,136.76,131.55,132.63,9796951716.0
2019-12-31,132.61,133.73,128.8,129.61,8936866397.0
2020-01-01,129.63,132.84,129.2,130.8,7935230330.0
2020-01-02,130.82,130.82,126.95,127.41,8032709256.0
2020-01-03,127.41,134.55,126.49,134.17,10476845358.0
2020-01-04,134.17,136.05,133.04,135.07,7430904515.0
2020-01-05,135.07,139.41,135.05,136.28,7526675353.0
2020-01-06,136.31,144.33,136.08,144.3,9093747121.0
2020-01-07,144.31,145.0,140.49,143.54,9257954672.0
2020-01-08,143.49,146.83,138.27,141.26,9387194957.0
2020-01-09,141.16,141.39,136.24,138.98,7697325348.0
2020-01-10,138.97,144.17,135.52,143.96,9084816203.0
2020-01-11,143.41,146.48,142.21,142.93,9332208590.0
2020-01-12,143.03,146.15,142.71,145.87,8528167453.0
2020-01-13,146.22,146.79,142.91,144.23,8378529470.0
2020-01-14,144.25,167.68,144.06,165.96,16712318373.0
2020-01-15,165.73,170.43,161.11,166.23,15173694057.0
2020-01-16,166.33,167.06,159.71,164.39,13735193018.0
2020-01-17,164.49,173.07,162.78,170.78,14997091826.0
2020-01-18,170.75,178.53,166.79,175.37,14929342256.0
2020-01-19,175.47,177.25,163.68,166.97,13713374132.0
2020-01-20,166.9,169.11,162.33,167.12,11144529787.0
2020-01-21,167.06,169.91,165.82,169.7,9789369362.0
2020-01-22,169.61,171.01,166.77,168.29,9209827928.0
2020-01-23,168.3,168.31,160.3,162.93,10396868698.0
2020-01-24,162.9,164.31,156.75,163.05,10657671162.0
2020-01-25,163.07,163.23,158.63,161.28,8256956802.0
2020-01-26,161.18,168.22,160.28,168.08,9261861590.0
2020-01-27,168.01,172.92,166.9,170.93,11004476145.0
2020-01-28,170.88,176.37,170.74,176.37,11772875064.0
2020-01-29,176.35,178.84,175.05,175.05,10725267311.0
2020-01-30,174.92,186.26,172.37,184.69,12604789338.0
2020-01-31,184.74,185.41,176.3,180.16,11728616394.0
2020-02-01,180.11,183.85,179.75,183.67,11569697182.0
2020-02-02,183.53,193.08,180.17,188.62,14054425389.0
2020-02-03,188.61,193.44,188.01,189.87,12392875241.0
2020-02-04,189.86,191.11,185.4,189.25,11714191695.0
2020-02-05,189.3,206.8,188.75,204.23,14865434435.0
2020-02-06,204.13,214.6,201.9,212.34,16425589683.0
2020-02-07,212.32,223.14,212.3,222.73,16673443564.0
2020-02-08,222.51,226.59,215.39,223.15,16741203125.0
2020-02-09,222.98,229.86,222.98,228.58,15031356241.0
2020-02-10,228.55,229.18,218.08,223.52,16210008511.0
2020-02-11,223.38,236.55,218.62,235.85,16964695963.0
2020-02-12,235.9,272.4,235.9,265.41,24545049386.0
2020-02-13,265.05,273.74,258.92,268.1,25801317504.0
2020-02-14,268.02,285.06,262.76,284.22,23558253463.0
2020-02-15,284.56,287.12,264.28,264.73,23682452994.0
2020-02-16,264.9,272.88,242.48,259.89,25152366643.0
2020-02-17,259.89,266.87,244.34,266.36,26024080089.0
2020-02-18,266.51,283.2,261.46,281.94,26511477187.0
2020-02-19,282.04,283.54,259.76,259.76,22679414413.0
2020-02-20,259.82,263.7,250.95,257.95,23229828870.0
2020-02-21,257.89,267.0,255.69,265.6,20867593292.0
2020-02-22,265.55,266.39,258.91,262.33,16906032862.0
2020-02-23,262.28,273.75,261.96,273.75,19585998814.0
2020-02-24,273.71,275.54,259.63,265.22,22400845640.0
2020-02-25,265.28,265.43,246.86,247.82,21878882134.0
2020-02-26,247.74,249.65,221.27,225.68,26235617201.0
2020-02-27,225.69,237.23,212.66,226.75,25645522790.0
2020-02-28,226.99,234.21,216.35,226.76,22563530559.0
2020-02-29,226.83,232.26,219.85,219.85,18181296376.0
2020-03-01,219.75,226.68,214.13,218.97,18179807469.0
2020-03-02,218.71,232.81,217.28,230.57,20305587789.0
2020-03-03,230.52,232.33,221.73,224.48,19853178572.0
2020-03-04,224.57,228.04,222.09,224.52,16567075208.0
2020-03-05,224.64,234.36,224.64,229.27,18201291785.0
2020-03-06,229.17,243.55,228.74,243.53,19374772256.0
2020-03-07,243.75,249.98,237.55,237.85,19431652027.0
2020-03-08,237.78,237.78,200.6,200.69,21381823651.0
2020-03-09,201.32,207.45,192.27,201.99,23645428606.0
2020-03-10,202.86,205.71,198.06,200.77,18344930072.0
2020-03-11,200.77,202.95,184.36,194.87,16984790291.0
2020-03-12,194.74,195.15,111.21,112.35,22134741655.0
2020-03-13,112.69,137.43,95.18,133.2,27864623061.0
2020-03-14,133.58,134.48,122.41,123.31,12740784545.0
2020-03-15,123.25,132.24,121.85,125.21,12719251813.0
2020-03-16,125.0,125.0,105.17,110.61,15984904590.0
2020-03-17,110.41,118.99,110.41,113.94,12087490572.0
2020-03-18,113.86,116.02,111.74,114.84,11617854009.0
2020-03-19,114.84,140.53,114.73,136.59,16396753275.0
2020-03-20,136.65,150.85,122.61,132.74,18960388062.0
2020-03-21,133.1,135.97,127.16,132.82,13684083308.0
2020-03-22,132.85,136.15,122.91,123.32,12497707224.0
2020-03-23,123.37,134.91,121.87,134.91,14149877968.0
2020-03-24,135.19,141.95,133.17,138.76,14609068673.0
2020-03-25,138.91,141.4,134.3,136.2,13433092920.0
2020-03-26,136.19,138.83,134.89,138.36,11367261176.0
2020-03-27,138.37,139.9,133.94,133.94,11396286629.0
2020-03-28,134.03,134.03,126.96,130.99,12162403960.0
2020-03-29,131.02,131.17,125.45,125.58,9938133669.0
2020-03-30,125.58,133.91,125.29,132.9,11841123306.0
2020-03-31,132.82,134.27,131.65,133.59,11065246317.0
2020-04-01,133.61,135.63,129.73,135.63,12456564435.0
2020-04-02,135.73,146.79,135.73,142.03,15322861686.0
2020-04-03,142.11,146.9,139.62,142.09,13184603402.0
2020-04-04,142.22,145.38,140.12,145.22,11946658257.0
2020-04-05,145.26,146.13,142.1,143.55,11280993591.0
2020-04-06,143.61,169.27,143.54,169.14,21636382525.0
2020-04-07,169.15,175.2,164.2,165.1,21659346091.0
2020-04-08,165.24,173.21,164.49,172.64,17063110836.0
2020-04-09,172.76,172.9,167.99,170.81,14901696210.0
2020-04-10,170.83,170.95,154.91,158.41,17980944616.0
2020-04-11,158.54,161.17,155.3,158.22,13555089447.0
2020-04-12,158.23,164.52,156.32,161.14,15123721386.0
2020-04-13,160.72,160.75,151.61,156.28,16465282133.0
2020-04-14,156.36,160.94,155.87,157.6,14723156630.0
2020-04-15,157.57,160.71,152.8,153.29,14171753737.0
2020-04-16,153.2,173.16,150.36,172.16,22910469236.0
2020-04-17,172.28,174.28,169.75,171.64,16714684266.0
2020-04-18,171.62,187.94,171.62,186.91,20160323443.0
2020-04-19,186.86,188.1,180.12,181.61,19146038381.0
2020-04-20,181.48,186.08,170.32,172.3,21266681335.0
2020-04-21,172.02,175.18,170.55,172.74,16458767984.0
2020-04-22,172.67,183.75,171.83,182.6,17994666395.0
2020-04-23,182.62,189.09,180.34,185.03,21275740032.0
2020-04-24,185.22,190.21,185.22,189.24,16788555028.0
2020-04-25,189.21,196.79,188.46,195.52,18260969748.0
2020-04-26,195.41,199.34,194.77,197.32,18335367012.0
2020-04-27,197.48,199.55,193.45,197.22,18670194595.0
2020-04-28,197.27,198.79,194.85,198.42,18217507467.0
2020-04-29,198.47,218.45,198.12,216.97,26397548759.0
2020-04-30,216.91,227.53,206.44,207.6,28089191904.0
2020-05-01,207.9,217.63,207.78,214.22,20816320834.0
2020-05-02,214.23,215.85,212.88,215.33,18260876092.0
2020-05-03,215.35,219.27,208.69,210.93,20469034664.0
2020-05-04,210.89,211.83,199.05,208.17,22602446422.0
2020-05-05,208.01,211.78,204.03,206.77,19004689099.0
2020-05-06,206.48,211.53,204.04,204.06,20343543799.0
2020-05-07,203.91,214.39,202.07,212.29,23594744655.0
2020-05-08,212.2,216.33,208.83,212.99,20445139356.0
2020-05-09,213.14,214.74,209.07,211.6,18950547549.0
2020-05-10,211.55,211.55,182.71,188.6,25211575193.0
2020-05-11,188.63,191.36,180.72,185.91,20054601647.0
2020-05-12,185.88,191.6,185.7,189.31,15899726284.0
2020-05-13,189.37,200.2,189.13,199.19,17054662289.0
2020-05-14,198.89,204.12,196.87,202.95,20150524861.0
2020-05-15,202.96,203.57,193.76,195.62,16602342092.0
2020-05-16,195.61,202.77,194.5,200.68,15379081645.0
2020-05-17,200.61,209.16,200.1,207.16,15470397303.0
2020-05-18,207.18,215.91,207.11,214.53,17411566928.0
2020-05-19,214.6,214.6,210.14,213.45,14346192779.0
2020-05-20,213.45,214.72,207.98,210.1,12730175511.0
2020-05-21,210.13,211.63,193.35,199.88,13308321229.0
2020-05-22,199.84,208.59,198.04,207.17,12041592114.0
2020-05-23,207.19,210.39,205.29,208.69,10665476768.0
2020-05-24,208.72,210.6,202.37,202.37,11833299572.0
2020-05-25,201.98,206.36,200.67,205.32,10415044124.0
2020-05-26,205.26,205.75,200.26,201.9,10159741290.0
2020-05-27,201.89,208.86,201.79,208.86,10631034756.0
2020-05-28,208.89,220.28,206.24,219.84,12212469604.0
2020-05-29,219.93,224.22,218.24,220.68,12265816557.0
2020-05-30,220.72,243.94,218.74,242.35,15027397867.0
2020-05-31,242.35,244.05,230.05,230.98,12234904813.0
2020-06-01,230.86,248.24,230.49,246.99,13951727936.0
2020-06-02,246.83,252.22,233.23,237.22,13782107567.0
2020-06-03,237.4,244.18,235.46,244.18,9861760817.0
2020-06-04,244.11,245.93,236.77,244.43,10170414304.0
2020-06-05,244.35,247.33,240.68,241.22,9293963914.0
2020-06-06,241.2,245.98,239.72,241.93,8114873845.0
2020-06-07,241.91,245.44,236.33,245.17,9544883157.0
2020-06-08,245.18,246.64,241.54,246.31,8076783299.0
2020-06-09,246.18,248.34,242.34,244.91,8446545788.0
2020-06-10,244.82,248.65,242.82,247.44,8792990206.0
2020-06-11,247.55,249.89,229.94,231.7,12356528860.0
2020-06-12,231.63,239.35,229.65,237.49,8868955009.0
2020-06-13,237.54,239.19,235.89,238.91,7141624980.0
2020-06-14,238.97,239.1,232.96,234.11,7439385176.0
2020-06-15,234.06,234.24,221.24,229.93,10536099884.0
2020-06-16,229.76,236.39,228.43,234.42,7965648016.0
2020-06-17,234.49,235.95,229.34,233.03,7701391592.0
2020-06-18,232.9,234.57,228.95,232.1,6713800872.0
2020-06-19,231.95,232.15,226.8,227.14,6946372590.0
2020-06-20,226.98,231.45,226.64,229.27,6252830566.0
2020-06-21,229.22,232.36,228.49,228.99,5600408178.0
2020-06-22,229.0,243.78,228.93,242.53,9079586552.0
2020-06-23,242.54,244.86,239.76,244.14,6624530348.0
2020-06-24,244.19,248.51,232.81,235.77,8815030025.0
2020-06-25,235.7,236.05,230.3,232.94,7010426122.0
2020-06-26,232.88,233.9,229.26,229.67,7187490226.0
2020-06-27,229.63,232.49,220.56,222.96,6918380955.0
2020-06-28,222.91,228.6,219.47,225.35,6205925718.0
2020-06-29,225.36,229.9,222.25,228.19,6726164653.0
2020-06-30,227.97,229.48,224.82,226.31,6094093001.0
2020-07-01,226.13,232.76,224.84,231.11,6463737443.0
2020-07-02,231.29,232.4,225.46,229.39,6212210566.0
2020-07-03,229.32,229.63,224.91,225.39,5109032700.0
2020-07-04,225.29,230.05,225.13,229.07,5228310135.0
2020-07-05,228.98,229.86,224.54,227.66,5292172429.0
2020-07-06,227.69,242.13,227.03,241.51,8782917553.0
2020-07-07,240.97,242.68,234.22,239.08,6441497597.0
2020-07-08,239.16,248.31,238.4,246.67,9892586411.0
2020-07-09,246.75,247.29,239.9,243.02,8429099199.0
2020-07-10,242.87,242.88,236.73,240.98,7281370522.0
2020-07-11,241.04,241.53,238.33,239.46,5643067316.0
2020-07-12,239.46,243.31,237.77,242.13,6596394718.0
2020-07-13,242.18,244.31,238.23,239.6,7787751468.0
2020-07-14,239.98,242.0,237.8,240.21,7357458555.0
2020-07-15,240.14,241.4,237.1,238.42,6189328448.0
2020-07-16,238.45,239.01,231.62,233.64,5832057567.0
2020-07-17,233.69,234.42,232.11,232.77,5859850529.0
2020-07-18,232.86,236.54,232.32,235.48,5397402117.0
2020-07-19,235.46,239.16,233.28,238.49,6251377305.0
2020-07-20,238.49,239.58,234.85,236.15,5600686192.0
2020-07-21,236.3,246.19,235.68,245.02,6806696015.0
2020-07-22,245.04,262.99,242.48,262.19,7702077383.0
2020-07-23,262.39,277.58,261.05,274.69,10281309262.0
2020-07-24,274.72,286.19,269.24,279.22,9466060358.0
2020-07-25,279.03,306.74,279.03,304.06,10785021813.0
2020-07-26,303.69,316.39,300.27,309.64,12003973026.0
2020-07-27,309.66,330.7,309.66,321.51,15644257058.0
2020-07-28,321.83,325.91,307.72,316.66,12357108065.0
2020-07-29,316.56,324.38,313.11,318.19,10878845706.0
2020-07-30,318.14,338.63,315.75,334.59,11827689045.0
2020-07-31,334.63,348.61,329.34,345.55,12030600492.0
2020-08-01,345.8,388.85,343.59,385.2,14045259477.0
2020-08-02,385.55,411.23,357.14,370.67,18909744275.0
2020-08-03,371.13,396.51,369.34,386.3,12834648062.0
2020-08-04,386.16,400.7,382.99,389.88,14086704221.0
2020-08-05,389.71,406.3,386.22,401.59,12875466638.0
2020-08-06,401.58,403.49,392.6,394.96,11304626458.0
2020-08-07,395.23,398.25,367.94,379.51,12751687084.0
2020-08-08,379.55,393.99,377.35,393.99,9342060531.0
2020-08-09,395.31,399.74,385.83,391.12,9451065592.0
2020-08-10,391.04,399.38,391.04,395.89,11685827893.0
2020-08-11,395.89,398.48,370.86,380.38,12792218737.0
2020-08-12,380.06,391.31,367.92,391.02,12408772745.0
2020-08-13,390.84,432.9,379.71,428.74,18480303526.0
2020-08-14,428.68,444.58,423.35,437.4,15064589987.0
2020-08-15,437.56,441.75,429.87,433.35,12416067894.0
2020-08-16,433.35,436.27,415.09,433.79,12168816874.0
2020-08-17,433.97,442.73,422.65,429.53,13227089410.0
2020-08-18,429.67,432.58,419.67,423.67,11978984079.0
2020-08-19,423.74,427.02,396.68,406.46,13137391167.0
2020-08-20,406.76,418.73,404.03,416.44,10043032427.0
2020-08-21,416.15,418.64,387.44,389.13,11781796374.0
2020-08-22,389.03,396.47,382.81,395.84,10131847985.0
2020-08-23,395.56,396.49,385.04,391.38,8137303970.0
2020-08-24,391.68,409.39,389.31,408.14,10328860398.0
2020-08-25,408.07,408.53,374.36,384.0,12428442042.0
2020-08-26,383.98,391.87,378.71,386.47,9967343483.0
2020-08-27,386.61,395.35,374.87,382.63,10457777652.0
2020-08-28,382.63,397.76,381.27,395.87,9120674421.0
2020-08-29,395.69,405.62,393.04,399.92,8777703481.0
2020-08-30,399.62,428.66,399.61,428.4,11211948040.0
2020-08-31,428.51,438.56,419.77,435.08,12774741797.0
2020-09-01,434.87,487.21,432.08,477.05,18862763756.0
2020-09-02,477.01,480.33,424.46,440.04,19691854014.0
2020-09-03,440.24,449.53,381.13,385.67,19622845896.0
2020-09-04,384.67,402.41,371.64,388.24,16747106257.0
2020-09-05,388.04,394.17,316.77,335.26,29880047640.0
2020-09-06,335.33,359.76,319.04,353.36,27643678917.0
2020-09-07,353.45,358.21,326.25,352.67,21763614732.0
2020-09-08,353.2,355.56,328.82,337.6,17991403432.0
2020-09-09,337.82,359.16,332.16,351.11,14547933520.0
2020-09-10,351.43,377.39,351.11,368.1,31421134556.0
2020-09-11,368.12,376.63,355.58,374.7,27296269329.0
2020-09-12,374.6,387.54,367.84,387.18,13295405814.0
2020-09-13,387.52,388.96,354.34,365.57,15005899191.0
2020-09-14,365.7,384.49,357.57,377.27,17536695361.0
2020-09-15,377.15,381.51,363.61,364.84,16140584321.0
2020-09-16,364.74,372.77,356.68,365.81,16107612177.0
2020-09-17,365.87,393.9,364.8,389.02,19899531080.0
2020-09-18,389.34,391.9,376.96,384.36,14108357740.0
2020-09-19,384.04,387.08,378.72,385.54,11049507684.0
2020-09-20,385.6,385.6,367.09,371.05,12292195784.0
2020-09-21,371.4,375.74,336.07,341.79,17398267133.0
2020-09-22,341.72,346.6,336.86,344.5,12732578043.0
2020-09-23,344.59,344.67,318.97,321.12,12899346599.0
2020-09-24,320.99,351.46,318.55,349.36,15714304470.0
2020-09-25,349.41,357.77,339.02,352.18,14381086966.0
2020-09-26,352.35,355.85,348.11,355.49,13049148579.0
2020-09-27,354.96,361.98,349.83,357.44,13598126926.0
2020-09-28,357.93,366.43,354.55,355.16,14258455166.0
2020-09-29,354.36,360.35,352.15,359.76,11600013236.0
2020-09-30,360.04,361.18,353.33,359.94,11818610610.0
2020-10-01,360.31,369.26,346.48,353.21,14679481911.0
2020-10-02,352.95,354.12,336.47,346.24,14215390463.0
2020-10-03,346.22,351.31,344.67,346.52,10060167889.0
2020-10-04,346.6,354.05,345.13,352.58,10696959020.0
2020-10-05,352.74,355.21,349.68,353.96,11809507622.0
2020-10-06,353.96,354.99,338.0,340.82,12830796112.0
2020-10-07,340.94,342.45,334.55,341.81,11929918060.0
2020-10-08,342.04,352.21,335.65,350.77,13461017711.0
2020-10-09,351.11,368.31,348.21,365.59,13043501763.0
2020-10-10,365.4,378.27,365.35,370.97,13618484324.0
2020-10-11,370.93,377.25,369.83,375.14,12584512533.0
2020-10-12,374.8,395.12,366.64,387.73,15867455424.0
2020-10-13,387.14,387.38,375.58,381.19,14226744838.0
2020-10-14,381.97,387.3,374.18,379.48,13918846567.0
2020-10-15,379.19,381.21,371.35,377.44,14964182545.0
2020-10-16,377.87,380.02,362.6,366.23,14670784817.0
2020-10-17,366.02,369.77,364.49,368.86,10951115359.0
2020-10-18,368.73,378.6,368.13,378.21,11047103109.0
2020-10-19,378.47,383.32,373.7,379.94,12811242092.0
2020-10-20,379.72,380.76,367.6,369.14,13741586582.0
2020-10-21,369.06,400.63,368.73,392.19,20241324322.0
2020-10-22,391.49,420.14,391.28,413.77,15772846485.0
2020-10-23,414.05,418.96,403.08,409.77,14256222052.0
2020-10-24,409.77,416.6,407.85,412.46,12201739194.0
2020-10-25,412.46,417.16,405.35,406.22,10890207469.0
2020-10-26,406.22,411.28,383.78,393.89,15155684229.0
2020-10-27,393.89,409.77,390.61,404.0,13940434102.0
2020-10-28,404.0,408.96,381.15,388.65,15276441134.0
2020-10-29,388.65,393.23,381.29,386.73,12920477749.0
2020-10-30,386.73,391.46,375.09,382.82,13688056970.0
2020-10-31,382.82,393.01,381.3,386.59,11276963426.0
2020-11-01,386.59,397.12,385.17,396.36,10475146018.0
2020-11-02,396.36,403.24,381.02,383.16,13997574252.0
2020-11-03,383.16,389.52,371.31,387.6,12588494762.0
2020-11-04,387.6,407.67,377.83,402.14,15126077675.0
2020-11-05,402.14,417.53,397.25,414.07,15440711038.0
2020-11-06,414.07,456.2,412.98,454.72,16738305610.0
2020-11-07,454.72,465.68,428.46,435.71,18873289788.0
2020-11-08,435.72,457.78,433.15,453.55,11292383601.0
2020-11-09,453.57,457.35,435.16,444.16,13704320630.0
2020-11-10,444.17,453.76,439.6,449.68,12090381666.0
2020-11-11,449.68,473.58,449.52,462.96,14075403511.0
2020-11-12,462.96,467.68,452.07,461.01,12877327234.0
2020-11-13,461.01,475.22,457.3,474.63,13191505725.0
2020-11-14,474.63,475.16,452.99,460.15,10312037942.0
2020-11-15,460.15,460.99,440.25,447.56,10308617165.0
2020-11-16,447.56,463.83,445.5,459.94,11441239444.0
2020-11-17,464.41,482.23,460.78,480.36,14593057877.0
2020-11-18,480.35,492.0,465.83,479.48,17880199224.0
2020-11-19,479.48,480.12,465.7,471.63,12473929218.0
2020-11-20,471.63,513.61,471.63,509.74,18629943296.0
2020-11-21,509.74,550.23,504.24,549.49,20757099184.0
2020-11-22,549.49,579.37,514.52,558.07,21967049601.0
2020-11-23,558.06,609.99,551.27,608.45,27272302872.0
2020-11-24,608.52,621.17,593.84,603.9,23281758100.0
2020-11-25,603.9,605.09,559.67,570.69,20088492893.0
2020-11-26,570.51,575.64,485.5,518.8,31104004592.0
2020-11-27,519.11,530.78,497.24,517.49,16831105703.0
2020-11-28,517.6,548.04,508.13,538.23,14770243833.0
2020-11-29,538.26,576.6,531.99,575.76,15017517758.0
2020-11-30,575.76,615.24,571.54,614.84,20276867833.0
2020-12-01,615.07,635.16,571.75,587.32,27178964465.0
2020-12-02,587.26,604.02,578.74,598.35,16883292129.0
2020-12-03,598.46,622.45,588.35,616.71,16146190946.0
2020-12-04,616.72,618.98,569.28,569.35,16337589997.0
2020-12-05,569.35,596.6,563.11,596.6,13498010566.0
2020-12-06,596.57,606.79,584.41,601.91,11290893016.0
2020-12-07,601.8,602.92,585.43,591.84,10720480962.0
2020-12-08,591.9,594.75,552.47,554.83,14398919320.0
2020-12-09,554.79,577.29,533.0,573.48,15855915840.0
2020-12-10,573.5,574.6,549.78,559.68,11672582040.0
2020-12-11,559.68,560.38,537.81,545.8,11098819124.0
2020-12-12,545.58,573.34,545.25,568.57,8534557897.0
2020-12-13,568.61,593.78,564.57,589.66,9070377862.0
2020-12-14,589.78,590.49,577.12,586.01,8125837102.0
2020-12-15,586.02,596.25,580.63,589.36,9326645840.0
2020-12-16,589.38,636.64,582.04,636.18,15817248373.0
2020-12-17,636.15,673.83,628.75,642.87,25479532147.0
2020-12-18,642.92,662.7,632.36,654.81,15756303983.0
2020-12-19,654.62,668.77,646.62,659.3,12830893778.0
2020-12-20,659.19,659.92,625.01,638.29,13375855442.0
2020-12-21,638.32,646.85,600.84,609.82,14419493621.0
2020-12-22,609.42,635.08,589.55,634.85,14745890080.0
2020-12-23,634.82,637.12,560.36,583.71,15261413038.0
2020-12-24,584.14,613.82,568.6,611.61,14317413703.0
2020-12-25,611.55,633.06,605.42,626.41,13520927700.0
2020-12-26,626.5,650.72,617.4,635.84,14761125202.0
2020-12-27,635.89,711.39,628.33,682.64,26093552821.0
2020-12-28,683.21,745.88,683.21,730.4,24222565862.0
2020-12-29,730.36,737.95,692.15,731.52,18710683199.0
2020-12-30,731.47,754.3,720.99,751.62,17294574210.0
2020-12-31,751.63,754.3,726.51,737.8,13926846861.0
2021-01-01,737.71,749.2,719.79,730.37,13652004358.0
2021-01-02,730.4,786.8,718.11,774.53,19740771179.0
2021-01-03,774.51,1006.57,771.56,975.51,45200463368.0
2021-01-04,977.06,1153.19,912.31,1040.23,56945985763.0
2021-01-05,1041.5,1129.37,986.81,1100.01,41535932781.0
2021-01-06,1101.0,1209.43,1064.23,1207.11,44699914188.0
2021-01-07,1208.08,1282.58,1167.44,1225.68,40468027280.0
2021-01-08,1225.97,1273.83,1076.08,1224.2,44334826666.0
2021-01-09,1223.74,1303.87,1182.27,1281.08,33233105361.0
2021-01-10,1280.87,1347.93,1194.72,1262.25,40616938053.0
2021-01-11,1261.62,1261.62,924.92,1090.15,60733630300.0
2021-01-12,1088.53,1149.24,1012.76,1043.43,37494601692.0
2021-01-13,1043.74,1134.34,994.55,1130.74,30109792795.0
2021-01-14,1130.23,1244.16,1093.06,1218.45,33410915929.0
2021-01-15,1221.88,1250.51,1090.72,1171.83,35972039310.0
2021-01-16,1171.44,1290.05,1157.62,1233.54,32319240157.0
2021-01-17,1233.45,1265.64,1174.39,1230.17,29258032819.0
2021-01-18,1230.31,1259.45,1187.31,1257.28,25817455560.0
2021-01-19,1257.43,1432.3,1254.52,1377.3,47195935190.0
2021-01-20,1375.25,1405.74,1243.3,1382.27,46784030909.0
2021-01-21,1382.68,1382.68,1098.48,1121.57,45932464754.0
2021-01-22,1118.89,1271.69,1046.6,1236.51,43918338506.0
2021-01-23,1235.27,1272.15,1200.89,1230.99,27253895441.0
2021-01-24,1231.21,1395.11,1225.27,1391.61,36418163554.0
2021-01-25,1390.64,1467.78,1304.97,1324.41,43565777745.0
2021-01-26,1323.74,1376.09,1253.34,1357.06,41572917750.0
2021-01-27,1358.33,1368.07,1215.31,1253.19,39394416990.0
2021-01-28,1251.28,1356.29,1226.17,1332.49,34637234789.0
2021-01-29,1369.09,1428.98,1292.24,1382.52,53611955259.0
2021-01-30,1382.23,1402.4,1328.53,1376.12,30616574234.0
2021-01-31,1376.82,1378.92,1288.5,1314.99,25198853581.0
2021-02-01,1314.86,1373.85,1274.36,1369.04,29210670920.0
2021-02-02,1369.51,1542.99,1362.77,1515.19,45437142801.0
2021-02-03,1514.77,1660.91,1510.01,1660.91,41874566399.0
2021-02-04,1661.17,1689.19,1561.85,1594.76,44396871836.0
2021-02-05,1594.79,1756.51,1594.79,1718.65,40108628454.0
2021-02-06,1717.8,1738.31,1649.07,1677.85,39873420648.0
2021-02-07,1677.61,1690.04,1501.75,1614.23,39889440151.0
2021-02-08,1613.64,1770.59,1571.58,1746.62,48012285956.0
2021-02-09,1746.93,1815.96,1711.62,1768.04,44180727529.0
2021-02-10,1768.04,1826.7,1686.54,1744.24,41916084617.0
2021-02-11,1743.71,1806.54,1708.68,1783.8,36021495262.0
2021-02-12,1783.49,1861.36,1744.17,1843.53,37905036865.0
2021-02-13,1843.99,1871.6,1770.61,1814.11,35359490535.0
2021-02-14,1814.37,1848.15,1789.91,1805.08,31439114900.0
2021-02-15,1804.68,1833.83,1683.91,1779.79,38955610883.0
2021-02-16,1778.95,1824.52,1729.64,1781.07,34269369268.0
2021-02-17,1781.35,1853.67,1736.71,1848.46,35955412703.0
2021-02-18,1848.21,1949.9,1848.21,1937.45,28255902969.0
2021-02-19,1938.86,1969.55,1896.68,1960.16,26268814253.0
2021-02-20,1959.9,2036.29,1830.53,1919.53,34696091102.0
2021-02-21,1918.67,1974.26,1890.37,1935.6,23626547717.0
2021-02-22,1935.56,1936.45,1580.63,1781.99,42409646036.0
2021-02-23,1781.41,1781.41,1378.84,1570.2,52029864713.0
2021-02-24,1571.48,1710.98,1511.02,1626.58,31329000537.0
2021-02-25,1625.39,1670.22,1465.06,1475.7,24481681873.0
2021-02-26,1478.65,1559.03,1407.98,1446.03,31435997881.0
2021-02-27,1446.93,1524.93,1433.79,1459.97,20742103233.0
2021-02-28,1459.86,1468.39,1300.47,1416.05,27637026080.0
2021-03-01,1417.15,1567.69,1416.42,1564.71,24032838645.0
2021-03-02,1564.06,1597.61,1461.33,1492.61,22523669722.0
2021-03-03,1491.45,1650.36,1481.91,1575.85,22674780680.0
2021-03-04,1574.62,1622.95,1511.1,1541.91,22906118718.0
2021-03-05,1541.54,1547.88,1450.89,1533.27,21067146937.0
2021-03-06,1532.37,1669.11,1519.14,1654.74,22746262366.0
2021-03-07,1655.39,1730.92,1636.56,1723.15,23809935410.0
2021-03-08,1724.23,1835.19,1670.94,1834.73,27630991158.0
2021-03-09,1835.15,1868.05,1804.27,1868.05,23461244507.0
2021-03-10,1868.49,1873.8,1766.49,1799.17,25154173185.0
2021-03-11,1798.03,1843.82,1734.62,1826.19,24013132909.0
2021-03-12,1826.55,1839.5,1728.98,1772.1,22435821312.0
2021-03-13,1772.17,1937.65,1733.64,1924.69,25014689475.0
2021-03-14,1923.86,1930.78,1845.12,1854.56,19344589211.0
2021-03-15,1854.09,1889.2,1749.61,1791.7,26244738810.0
2021-03-16,1792.41,1817.06,1720.05,1806.97,23828509590.0
2021-03-17,1807.06,1839.82,1749.18,1823.45,24512917348.0
2021-03-18,1823.16,1848.65,1705.72,1782.86,23263845504.0
2021-03-19,1782.57,1841.2,1746.47,1817.62,21249297710.0
2021-03-20,1817.52,1874.71,1811.73,1812.63,22677674970.0
2021-03-21,1812.61,1823.35,1764.14,1788.22,22977404620.0
2021-03-22,1788.36,1811.97,1674.3,1691.33,23599296129.0
2021-03-23,1690.87,1725.11,1662.54,1678.65,21998237965.0
2021-03-24,1678.0,1740.43,1570.79,1593.41,31228051473.0
2021-03-25,1593.12,1625.91,1560.37,1595.36,29650328701.0
2021-03-26,1595.21,1702.92,1594.74,1702.84,22548516548.0
2021-03-27,1703.04,1732.82,1674.32,1716.49,18102277710.0
2021-03-28,1716.41,1728.58,1672.66,1691.36,16599472938.0
2021-03-29,1691.26,1837.19,1683.72,1819.68,22796570548.0
2021-03-30,1819.47,1860.97,1793.92,1846.03,22512781703.0
2021-03-31,1846.1,1947.84,1793.0,1918.36,30226902621.0
2021-04-01,1919.16,1989.06,1912.18,1977.28,30914259795.0
2021-04-02,1976.93,2152.45,1960.68,2143.23,34862511022.0
2021-04-03,2142.9,2144.96,2028.42,2028.42,32011518871.0
2021-04-04,2027.67,2110.35,2007.11,2093.12,26006501902.0
2021-04-05,2093.26,2140.99,2032.39,2107.89,28889391170.0
2021-04-06,2109.49,2151.22,2057.61,2118.38,29222865881.0
2021-04-07,2117.73,2133.19,1945.44,1971.08,36116271935.0
2021-04-08,1969.13,2091.52,1959.08,2088.57,25312956529.0
2021-04-09,2088.77,2102.87,2055.16,2072.11,19812472092.0
2021-04-10,2071.11,2197.0,2062.79,2135.94,24986243611.0
2021-04-11,2136.16,2165.19,2119.87,2157.66,19692836132.0
2021-04-12,2157.36,2199.72,2110.37,2139.35,21727936609.0
2021-04-13,2139.36,2318.42,2138.56,2299.19,29456642939.0
2021-04-14,2299.35,2449.69,2284.56,2435.11,35592822986.0
2021-04-15,2436.03,2544.27,2409.92,2519.12,32325606817.0
2021-04-16,2516.6,2547.56,2318.68,2431.95,36196928256.0
2021-04-17,2429.98,2497.39,2333.68,2344.89,32349808978.0
2021-04-18,2346.45,2365.46,2011.77,2237.14,50696368718.0
2021-04-19,2238.03,2276.78,2086.69,2166.19,34060654971.0
2021-04-20,2161.94,2345.84,2060.14,2330.21,39433483315.0
2021-04-21,2331.16,2467.2,2238.37,2364.75,38899067643.0
2021-04-22,2357.87,2641.09,2315.96,2403.54,53575904724.0
2021-04-23,2401.26,2439.54,2117.04,2363.59,55413933925.0
2021-04-24,2367.2,2367.74,2163.69,2211.63,31854226936.0
2021-04-25,2214.41,2354.09,2172.52,2316.06,31814355546.0
2021-04-26,2319.48,2536.34,2308.32,2534.48,35208325408.0
2021-04-27,2534.03,2676.39,2485.38,2662.87,32275969215.0
2021-04-28,2664.69,2757.48,2564.08,2746.38,34269031076.0
2021-04-29,2748.65,2797.97,2672.11,2756.88,32578127990.0
2021-04-30,2757.73,2796.05,2728.17,2773.21,29777179889.0
2021-05-01,2772.84,2951.44,2755.91,2945.89,28726205272.0
2021-05-02,2945.56,2984.89,2860.53,2952.06,28032013047.0
2021-05-03,2951.18,3450.04,2951.18,3431.09,49174290212.0
2021-05-04,3431.13,3523.59,3180.74,3253.63,62402045158.0
2021-05-05,3240.55,3541.46,3213.1,3522.78,48334198383.0
2021-05-06,3524.93,3598.9,3386.24,3490.88,44300394788.0
2021-05-07,3490.11,3573.29,3370.26,3484.73,39607240515.0
2021-05-08,3481.99,3950.16,3453.77,3902.65,50208491286.0
2021-05-09,3911.46,3981.26,3743.99,3928.84,50568290278.0
2021-05-10,3924.41,4197.47,3684.45,3952.29,62691789007.0
2021-05-11,3948.27,4178.21,3783.89,4168.7,52679737865.0
2021-05-12,4174.64,4362.35,3785.85,3785.85,69023382175.0
2021-05-13,3828.92,4032.56,3549.41,3715.15,78398214539.0
2021-05-14,3720.12,4171.02,3703.4,4079.06,48174271215.0
2021-05-15,4075.95,4129.19,3638.12,3638.12,42422321751.0
2021-05-16,3641.83,3878.9,3350.95,3587.51,47359478734.0
2021-05-17,3581.34,3587.77,3129.01,3282.4,54061732774.0
2021-05-18,3276.87,3562.47,3246.4,3380.07,40416525218.0
2021-05-19,3382.66,3437.94,1952.46,2460.68,84482912776.0
2021-05-20,2439.64,2993.15,2170.23,2784.29,67610826680.0
2021-05-21,2772.34,2938.21,2113.35,2430.62,53774070802.0
2021-05-22,2436.01,2483.98,2168.12,2295.71,42089937660.0
2021-05-23,2298.37,2384.41,1737.47,2109.58,56005721977.0
2021-05-24,2099.94,2672.6,2090.64,2643.59,53697121740.0
2021-05-25,2649.03,2750.53,2394.36,2706.63,49558333256.0
2021-05-26,2707.05,2911.74,2652.09,2888.7,42499766020.0
2021-05-27,2888.75,2888.75,2642.61,2736.49,33373635283.0
2021-05-28,2742.47,2761.36,2336.36,2419.91,39999114805.0
2021-05-29,2414.07,2566.94,2208.49,2279.51,33773720220.0
2021-05-30,2278.29,2472.19,2188.83,2390.31,25876619428.0
2021-05-31,2387.2,2715.86,2279.51,2714.95,31007383150.0
2021-06-01,2707.56,2739.74,2531.16,2633.52,27363223090.0
2021-06-02,2634.46,2801.39,2555.4,2706.12,27723267359.0
2021-06-03,2708.38,2891.25,2667.68,2855.13,30038207402.0
2021-06-04,2857.17,2857.17,2562.64,2688.19,34173841611.0
2021-06-05,2691.62,2817.48,2558.23,2630.58,30496672724.0
2021-06-06,2629.75,2743.44,2616.16,2715.09,25311639414.0
2021-06-07,2713.05,2845.19,2584.0,2590.26,30600111277.0
2021-06-08,2594.6,2620.85,2315.55,2517.44,41909736778.0
2021-06-09,2510.2,2625.07,2412.2,2608.27,36075832186.0
2021-06-10,2611.14,2619.96,2435.4,2471.52,28753626390.0
2021-06-11,2472.86,2495.41,2326.87,2353.77,24832564195.0
2021-06-12,2354.75,2447.23,2265.76,2372.48,25724364410.0
2021-06-13,2372.69,2547.37,2312.64,2508.39,27092945370.0
2021-06-14,2508.77,2606.43,2469.39,2537.89,26964576331.0
2021-06-15,2587.76,2639.23,2515.15,2610.94,29005279219.0
2021-06-16,2544.86,2554.63,2354.35,2367.66,24101926180.0
2021-06-17,2367.31,2457.18,2312.3,2372.0,21871633186.0
2021-06-18,2374.59,2377.2,2147.31,2231.73,22752818388.0
2021-06-19,2235.16,2278.41,2168.88,2178.5,18765854896.0
2021-06-20,2171.34,2275.38,2049.96,2246.36,22535930423.0
2021-06-21,2245.32,2259.46,1867.19,1888.45,33745173825.0
2021-06-22,1886.67,1993.16,1707.6,1874.95,35547251725.0
2021-06-23,1878.63,2043.53,1827.57,1989.74,28408659206.0
2021-06-24,1968.96,2032.34,1887.43,1988.46,20272845769.0
2021-06-25,1989.22,2017.76,1794.4,1813.22,22774334998.0
2021-06-26,1810.88,1850.18,1719.56,1829.24,20637542361.0
2021-06-27,1831.0,1979.96,1811.25,1978.89,19885474742.0
2021-06-28,1981.39,2139.81,1963.62,2079.66,25514602841.0
2021-06-29,2083.45,2242.24,2076.24,2160.77,24815124419.0
2021-06-30,2164.22,2282.99,2090.76,2274.55,25828056268.0
2021-07-01,2274.4,2274.4,2081.08,2113.61,29061701793.0
2021-07-02,2109.89,2155.6,2021.82,2150.04,31796212554.0
2021-07-03,2150.84,2237.57,2117.59,2226.11,17433361641.0
2021-07-04,2226.55,2384.29,2190.84,2321.72,18787107473.0
2021-07-05,2321.92,2321.92,2163.04,2198.58,20103794829.0
2021-07-06,2197.92,2346.29,2197.92,2324.68,20891861314.0
2021-07-07,2323.21,2403.77,2298.03,2315.16,22398345285.0
2021-07-08,2317.95,2324.01,2089.41,2120.03,23188123689.0
2021-07-09,2115.57,2185.38,2051.07,2146.69,23029574602.0
2021-07-10,2147.0,2190.12,2081.92,2111.4,17581542471.0
2021-07-11,2110.88,2172.65,2083.8,2139.66,14705386138.0
2021-07-12,2140.51,2167.71,2011.02,2036.72,17768129077.0
2021-07-13,2034.1,2040.69,1922.58,1940.08,16621628658.0
2021-07-14,1941.17,2015.11,1869.22,1994.33,17342819679.0
2021-07-15,1994.71,2037.74,1883.27,1911.18,15688092552.0
2021-07-16,1916.6,1959.7,1853.59,1880.38,14884569147.0
2021-07-17,1876.88,1917.6,1855.59,1898.83,13364282076.0
2021-07-18,1900.19,1988.34,1883.01,1895.55,13791868728.0
2021-07-19,1893.05,1916.12,1807.91,1817.3,14157735481.0
2021-07-20,1819.08,1837.0,1722.05,1787.51,17368597636.0
2021-07-21,1786.28,2025.68,1759.02,1990.97,21253359756.0
2021-07-22,1994.82,2044.12,1954.3,2025.2,17495480331.0
2021-07-23,2025.11,2129.44,2000.44,2124.78,16200392492.0
2021-07-24,2123.96,2197.65,2107.32,2189.22,16057446601.0
2021-07-25,2187.15,2194.44,2108.83,2191.37,14566483636.0
2021-07-26,2191.31,2428.82,2177.33,2233.37,29614324233.0
2021-07-27,2230.2,2316.95,2154.73,2298.33,23067480378.0
2021-07-28,2302.08,2341.78,2250.91,2296.55,18991302378.0
2021-07-29,2299.01,2396.45,2273.4,2380.96,16313373113.0
2021-07-30,2382.55,2469.7,2322.34,2466.96,20212848934.0
2021-07-31,2461.58,2551.16,2423.82,2536.21,18001710283.0
2021-08-01,2530.46,2695.43,2520.93,2561.85,22697987055.0
2021-08-02,2557.77,2665.73,2511.38,2610.15,22162754104.0
2021-08-03,2609.41,2630.31,2449.35,2502.35,22696753413.0
2021-08-04,2508.54,2764.44,2463.47,2724.62,25038698173.0
2021-08-05,2725.67,2840.43,2540.68,2827.33,31057928075.0
2021-08-06,2827.5,2944.9,2727.79,2890.94,26528577879.0
2021-08-07,2891.71,3170.23,2868.54,3157.24,33081467129.0
2021-08-08,3161.23,3184.6,2951.75,3013.73,28433638008.0
2021-08-09,3012.89,3185.7,2900.93,3167.86,31983260936.0
2021-08-10,3163.05,3228.94,3059.23,3141.69,27605221710.0
2021-08-11,3142.83,3269.21,3122.92,3164.25,26729035052.0
2021-08-12,3164.18,3236.31,2984.17,3043.41,25403699845.0
2021-08-13,3049.0,3324.67,3037.68,3322.21,23868866254.0
2021-08-14,3322.76,3329.28,3214.52,3265.44,19860862133.0
2021-08-15,3266.28,3320.08,3117.79,3310.5,22166205051.0
2021-08-16,3309.42,3333.99,3139.78,3156.51,23080039949.0
2021-08-17,3149.38,3288.81,2996.47,3014.85,25509056745.0
2021-08-18,3011.96,3124.98,2959.03,3020.09,21539248425.0
2021-08-19,3019.13,3184.44,2963.15,3182.7,19546290360.0
2021-08-20,3182.16,3298.25,3178.1,3286.94,20885619828.0
2021-08-21,3286.93,3307.35,3209.87,3226.08,18113977628.0
2021-08-22,3226.23,3272.73,3142.01,3242.12,15983278460.0
2021-08-23,3241.36,3373.38,3235.85,3319.26,20511110509.0
2021-08-24,3324.86,3358.69,3154.12,3172.46,20131028906.0
2021-08-25,3174.27,3248.73,3086.11,3224.92,18902728235.0
2021-08-26,3228.75,3249.66,3060.23,3100.33,17405668117.0
2021-08-27,3096.41,3281.84,3064.49,3270.6,18489602004.0
2021-08-28,3275.1,3284.85,3217.4,3244.4,13709633698.0
2021-08-29,3246.77,3283.24,3158.84,3227.0,13296586731.0
2021-08-30,3227.19,3346.58,3151.44,3224.37,19306924485.0
2021-08-31,3227.76,3466.99,3195.22,3433.73,27280502987.0
2021-09-01,3430.76,3836.87,3387.41,3834.83,30070890104.0
2021-09-02,3825.03,3830.71,3726.75,3790.99,24387397330.0
2021-09-03,3787.49,4022.47,3712.68,3940.61,26207765094.0
2021-09-04,3937.91,3969.45,3837.93,3887.83,20806963328.0
2021-09-05,3886.33,3979.19,3838.49,3952.13,18371468576.00
2021-09-06,3951.52,3968.43,3868.99,3928.38,18674691198.00
2021-09-07,3926.53,3945.31,3062.22,3426.39,39131346397.00
2021-09-08,3428.38,3559.12,3224.76,3497.32,31738430771.00
2021-09-09,3452.55,3562.99,3400.52,3427.34,24118055831.00
2021-09-10,3425.56,3512.57,3157.06,3211.51,22355974097.00
2021-09-11,3209.03,3346.53,3208.96,3270.28,18627122934.00
2021-09-12,3270.29,3462.47,3235.11,3410.13,16810411424.00
2021-09-13,3407.47,3426.50,3121.51,3285.51,22721552948.00
2021-09-14,3286.32,3429.17,3273.63,3429.17,19125420848.00
2021-09-15,3431.22,3615.28,3365.91,3615.28,17548551804.00
2021-09-16,3613.07,3673.31,3489.81,3571.29,20093903064.00
2021-09-17,3569.57,3589.31,3356.45,3398.54,17722363229.00
2021-09-18,3397.42,3540.81,3371.89,3432.02,15995220233.00
2021-09-19,3433.29,3448.32,3286.17,3329.45,14257609743.00
2021-09-20,3329.67,3343.33,2940.84,2958.99,27371684581.00
2021-09-21,2977.31,3101.70,2676.41,2764.43,30405062665.00
2021-09-22,2763.21,3089.08,2741.44,3077.87,23742102645.00
2021-09-23,3077.97,3173.54,3038.10,3155.52,18516291047.00
2021-09-24,3154.56,3159.64,2747.34,2931.67,25595422789.00
2021-09-25,2930.88,2968.99,2818.97,2925.57,18932786754.00
2021-09-26,2926.34,3114.86,2744.58,3062.27,21172766310.00
2021-09-27,3065.84,3163.67,2932.69,2934.14,19164053681.00
2021-09-28,2928.96,2970.77,2793.36,2807.30,16895079070.00
2021-09-29,2805,2949.4,2780.6,2849.2,340002084.5912
2021-09-30,2849.2,3051.2,2836.9,3000.4,480331134.423
2021-10-01,3000.4,3333,2968.4,3311,514698105.1207
2021-10-02,3311.1,3472.3,3258.6,3389.1,396940760.3673
2021-10-03,3389.1,3490,3345.1,3419.9,286763311.1156
2021-10-04,3419.9,3442.8,3270,3386.9,407372690.2707
2021-10-05,3386.5,3546.8,3364.6,3517,46805028.4568
2021-10-06,3517,3631.2,3342.3,3576.3,52479661.58
2021-10-07,3576.5,3657.5,3470.9,3588.3,61500895.7255
2021-10-08,3588.3,3670.9,3524.7,3563.6,44483424.8907
2021-10-09,3563.7,3634,3537.8,3573.3,21061051.9382
2021-10-10,3573.3,3604.3,3408.5,3414.3,53931853.2705
2021-10-11,3414.3,3623.7,3372.9,3543.7,103735000.5152
2021-10-12,3543.7,3547.7,3404,3490.8,62299534.4616
2021-10-13,3490.9,3613.4,3411.9,3607.9,59043572.0395
2021-10-14,3608.1,3824.9,3588.8,3791.7,41405148.9736
2021-10-15,3791.7,3907,3735.5,3870.2,55658029.9163
2021-10-16,3870.2,3970.9,3800,3829.6,19948508.6447
2021-10-17,3829.6,3918.6,3645,3847.1,44656768.4815
2021-10-18,3847.1,3893.9,3677.7,3745.2,39982113.9984
2021-10-19,3745.2,3886.8,3732.8,3877.9,28498620.5211
2021-10-20,3877.9,4168.5,3829.7,4163.6,45674098.2694
2021-10-21,4163.5,4378,3378.2,4053.7,74250589.2202
2021-10-22,4053.7,4168.5,3888.7,3971.4,53703772.2279
2021-10-23,3971.4,4171.3,3938.3,4168.1,32536480.0541
2021-10-24,4168.1,4186,3962,4082.4,36607086.3829
2021-10-25,4082.4,4238.3,4069.1,4222.4,55892352.9352
2021-10-26,4222.4,4296.3,4090.9,4131.4,30069470.4569
2021-10-27,4131.4,4325,3914.4,3923.2,61877451.4718
2021-10-28,3923.7,4303.5,3888.6,4287.5,75468434.7153
2021-10-29,4287.5,4461.2,4268,4420.7,57628433.9466
2021-10-30,4420.7,4435.1,4236.8,4324.1,25723422.4238
2021-10-31,4324.4,4395.6,4167.6,4289.9,26163702.4035
2021-11-01,4289.9,4383.1,4148.2,4322.6,37162732.8839
2021-11-02,4322.6,4604.2,4287.1,4594.2,39655886.1154
2021-11-03,4594.2,4668.4,4452.8,4605.7,50701425.3048
2021-11-04,4606.1,4608.9,4422.5,4535.7,30034884.3077
2021-11-05,4535.7,4573,4445.4,4478.9,21966843.8271
2021-11-06,4478.9,4534.8,4330.9,4522.4,27001007.1203
2021-11-07,4522.4,4639.8,4507.1,4617.5,45593713.3571
2021-11-08,4617.4,4825.6,4617.3,4811.3,81625372.2783
2021-11-09,4811.3,4842,4715.5,4732.8,44332248.9287
2021-11-10,4732.8,4867.5,4464.1,4631.9,171988151.0968
2021-11-11,4631.4,4782.8,4578.6,4720.8,30908946.8234
2021-11-12,4720.8,4808.6,4510.2,4667,60959732.9853
2021-11-13,4667,4707.3,4585.2,4644.7,21804845.0661
2021-11-14,4644.7,4695.5,4515.7,4627.2,22605419.7539
2021-11-15,4627.2,4770.5,4542,4562.9,54575307.0454
2021-11-16,4563,4563.1,4107,4210.7,118746542.6892
2021-11-17,4210.7,4301,4066.3,4289.7,59125209.8298
2021-11-18,4289.7,4345.9,3958.9,3997,78845109.1
2021-11-19,3997,4311.9,3975.6,4297.9,46854706.7052
