date,nbeats_matic_lookback_15_window_5_std_1.25_num_add_dfs_2,tcn_matic_lookback_15_window_5_std_1.25_num_add_dfs_2,nbeats_matic_lookback_30_window_5_std_1.25_num_add_dfs_2,tcn_matic_lookback_30_window_5_std_1.25_num_add_dfs_2,nbeats_matic_lookback_45_window_5_std_1.25_num_add_dfs_2,tcn_matic_lookback_45_window_5_std_1.25_num_add_dfs_2,date_prediction_for,stacking_prediction
2021-02-01,0.0,0.0,0.0,0.0,0.0,0.0,2021-02-08,0.0
2021-02-02,0.0,0.0,0.0,0.0,0.0,0.0,2021-02-09,0.0
2021-02-03,0.0,0.0,0.0,0.0,0.0,0.0,2021-02-10,0.0
2021-02-08,0.0,0.0,0.0,0.0,0.0,0.0,2021-02-15,0.0
2021-02-09,0.0,0.0,0.0,0.0,0.0,0.0,2021-02-16,0.0
2021-02-10,0.0,0.0,0.0,0.0,0.0,0.0,2021-02-17,0.0
2021-04-02,0.6412833629356771,0.3467378338820091,-0.1708699278171894,0.357965764506523,0.3544234679371761,0.130594750765467,2021-04-09,0.1042499999999999
2021-04-03,0.1021355995777952,0.8489510072492039,0.7022184687195447,0.5715963848182889,0.7516707911366223,0.3744647824045412,2021-04-10,0.1104999999999998
2021-04-04,0.134239991919443,0.1872260943986727,0.6055174955715,0.5588784027913777,0.5598831889122117,0.4666993120897352,2021-04-11,0.1104999999999998
2021-04-05,0.3587224559179434,0.6951321657013991,-0.1302995318086096,1.0376144733428785,0.0775291904338078,0.3743430137653798,2021-04-12,0.1112999999999998
2021-04-06,0.6014853448889632,0.1493483460130149,1.0528187003241656,0.3156324128044723,-0.211188349008919,0.3252514033626621,2021-04-13,0.1107999999999997
2021-04-07,0.3065936737451501,0.4519820743104446,0.6990023502965199,0.2160943898013569,0.528381967658554,0.0974879796769831,2021-04-14,0.1102499999999996
2021-04-08,0.0993590380868396,0.452971563005127,0.6129263629114436,0.1307738371800107,0.5396149553007212,0.489505615753728,2021-04-15,0.1102499999999996
2021-04-09,0.0650694571914276,0.1114844788234892,0.2476126306185521,0.1463384768634578,-0.2680010121699925,0.435873547043847,2021-04-16,0.1102499999999996
2021-04-10,0.3804199608802491,0.8271360903241237,-0.0751499775590998,0.5619173514466831,0.7509777045779158,0.4825640966542824,2021-04-17,0.2621999999999993
2021-04-11,0.4756960665540621,0.4707227101451954,0.4739214607822319,0.40234299182536,-0.4231231460946009,0.3050441772708598,2021-04-18,0.3232499999999992
2021-04-12,0.3787627912478682,0.1874264675176705,0.2642890896154133,0.4076615434668985,-0.4396980654720967,0.4319397934131684,2021-04-19,0.3284499999999991
2021-04-13,-0.0938637875614222,0.3236901205765143,0.2705247051771128,0.094300945747355,0.7574668935824982,0.0887670990202602,2021-04-20,0.2849499999999993
2021-04-14,0.3602611124382777,0.4470436968681865,0.6309468349701439,0.3296571243433614,-0.1224450102072493,0.3050549465989151,2021-04-21,0.3738500000000002
2021-04-15,0.6319326442356572,0.3880548559758065,0.4359296412473394,0.3852519302871948,0.1438222449686737,0.4164408503174682,2021-04-22,0.3836999999999997
2021-04-16,0.3468466620823472,0.4262867732433297,0.453440938795312,0.29092683560695,0.404471689708255,0.3111549985450077,2021-04-23,0.4076999999999992
2021-04-17,0.3115062062114567,0.6246213648103707,0.4464455543600155,0.2659528880912851,0.107778794785574,0.6642869638746349,2021-04-24,0.418849999999999
2021-04-18,0.119547635256643,0.2583835719962208,0.8945636396721095,0.4241753923235791,-0.5018394525605447,0.2726392315144076,2021-04-25,0.4175499999999992
2021-04-19,0.337891889164871,0.2140916735126367,0.426169234907397,0.3532813685320844,0.3323683259625832,0.4621480245498512,2021-04-26,0.397199999999999
2021-04-20,0.3795855067320189,0.2876232623357596,0.4757395757937732,0.3905385895752183,1.343792654492309,0.2074051931584667,2021-04-27,0.358299999999999
2021-04-21,0.1750363099210732,0.1415863807602103,0.4253693267684574,0.3276018914787232,-0.0758048655019968,0.2845259358397681,2021-04-28,0.3725499999999997
2021-04-22,0.0506631210802302,0.2539882676384446,0.072098215472506,0.3479271417631661,0.654014993289094,0.2565639048427151,2021-04-29,0.3491
2021-04-23,0.5757226770059832,0.2858666852795931,0.0842035248412292,0.3518857148289562,-0.4589752920076666,0.1691380539334143,2021-04-30,0.34735
2021-04-24,0.7265806655137124,0.2510219917599418,0.1636987767985909,0.259234426033483,0.5167336438878469,0.4490479766928107,2021-05-01,0.3839999999999997
2021-04-25,0.1043163607069307,0.5777736395063766,0.4025668002199224,0.3839446089439908,0.4212202176493991,0.6022419712198422,2021-05-02,0.3718999999999996
2021-04-26,0.2372625466038958,0.3580083403558345,0.7762733940779734,0.3154978733312962,0.5644460365527415,0.3581088085908415,2021-05-03,0.3792999999999999
2021-04-27,0.0833309890950035,0.2065627692817728,-0.5424795536700536,0.1472107998154843,0.9377718396779542,0.324624050614088,2021-05-04,0.4588000000000009
2021-04-28,0.4787598270981064,0.3642504989626143,0.3309750078843536,0.4306044993335385,-0.0912974615628824,0.2985704577016853,2021-05-05,0.6480999999999998
2021-04-29,0.6483930119549357,0.6086943359510656,0.4826002213404686,0.6199084873768832,0.6032800948437729,0.4956224492641103,2021-05-06,0.7043500000000001
2021-04-30,0.1510575719794016,0.3482233445971464,-0.1486466161661162,0.2252439876322594,0.7524418933273769,0.2688861994194204,2021-05-07,0.8294499999999989
2021-05-01,0.443514389625432,0.4283703806492737,0.42520080688022,0.8302172932982611,0.4657166256547325,0.3833272422879171,2021-05-08,0.6206999999999998
2021-05-02,0.252625641377196,0.4180726113322144,0.4428684530140578,0.4220935133495357,0.2293735793765829,0.5381993627634442,2021-05-09,0.6112499999999997
2021-05-03,0.5412067945410778,0.3257951828755037,0.1722738060842672,0.4284808844486638,1.1216622989660383,0.5077619309433025,2021-05-10,0.6406999999999996
2021-05-04,0.3015328764715256,0.294327147863109,0.9501855998001544,0.37420573202459,0.6833995354202235,0.2486644132716574,2021-05-11,0.6470999999999996
2021-05-05,0.5707377804455357,0.5363713041275779,0.5060676429227653,0.2084584726816086,0.9764946020904236,0.5517959744655074,2021-05-12,0.6140999999999998
2021-05-06,0.6814780179592848,0.37020376626013,0.7984433327604514,0.4833903310292189,1.0583012724530412,0.1731690475476427,2021-05-13,0.6351499999999998
2021-05-07,0.7625807452604164,0.2492467958704897,0.6511667353743605,0.4780337248414106,0.7185628095329458,0.374619149005194,2021-05-14,0.6217500000000006
2021-05-08,0.2644102029176629,0.4293960672146599,0.4232756089205033,0.5149667563470581,0.4367080844188495,0.3724071742851089,2021-05-15,0.6209499999999991
2021-05-09,0.2850576165300193,0.8125288028703843,0.9544732162916524,0.3259752219119575,0.7036726929128082,0.2853302432924674,2021-05-16,0.7442999999999995
2021-05-10,0.673269891012921,0.3369800748381495,0.7838008968192676,0.5444908899648218,0.5981359267227151,0.3293510376328978,2021-05-17,0.8849999999999983
2021-05-11,0.4188011462159713,0.3672725135357536,0.4155515110542152,0.5905087034112969,1.3039141164918977,0.5591817100829221,2021-05-18,0.885399999999998
2021-05-12,0.861837576874084,0.5082249484839153,0.8066145771049948,0.5027152154460559,0.5195213719838458,0.5504090340286104,2021-05-19,0.9683999999999968
2021-05-13,0.7483449154139468,0.431382900019591,0.2820590457497599,0.5125369154185139,0.6344413602561273,0.3758421634535329,2021-05-20,0.9589999999999984
2021-05-14,0.5522936563972531,0.525069372342845,0.3171979282721332,0.8969898779391209,0.7766383477428546,0.5414369540166694,2021-05-21,0.9724999999999993
2021-05-15,0.5587285037946474,0.7150369363445915,0.7407223578202203,0.9372831093640214,0.5112009878426742,0.3384216283803978,2021-05-22,1.1353999999999995
2021-05-16,0.2870895167081548,1.0854902525613352,0.3114041489281554,0.7090268748516152,0.2894190103196926,0.904485662829589,2021-05-23,1.4029000000000045
2021-05-17,0.8272325989422207,1.1136716909503908,0.3239069311405729,0.6699376150829036,0.8620640637561449,0.8367684591263983,2021-05-24,1.5209000000000037
2021-05-18,1.0029430749631711,0.8053819967157322,0.8151066017160336,0.951242563809476,0.3274324977878052,0.3815063532700468,2021-05-25,1.6084000000000038
2021-05-19,0.8386029835696979,0.8848138778124917,0.8736189213360619,0.8839616932512036,-0.1931684525682582,0.8737644548752924,2021-05-26,1.87995
2021-05-20,0.6070500461303623,1.1819758446241473,0.842066563418059,0.6723610713366793,1.268212101992316,0.6573229498482173,2021-05-27,1.9419
2021-05-21,1.1251297807544205,0.5586289181930505,0.7611697810362544,1.194987469871719,0.8379588364529621,0.2073463954165734,2021-05-28,1.848149999999999
2021-05-22,0.8948744830187824,0.8452000572174809,1.0429804866529904,1.2639454028367445,1.0063401848462483,0.314330507356244,2021-05-29,1.6513499999999997
2021-05-23,0.5925377542415361,0.3390822933680899,1.153160586316865,0.9554884283066234,0.7818581853965733,0.5585693803975206,2021-05-30,1.688849999999997
2021-05-24,1.0749263492411043,0.7329599738602693,0.3912136783501775,1.1066997192406982,0.6145150776668261,0.6560724601203132,2021-05-31,1.463949999999998
2021-05-25,1.0634208746947995,0.2066311831320022,1.105581414882775,0.892457572183702,0.9461416149192023,0.5265999868404975,2021-06-01,1.4949999999999988
2021-05-26,1.1360343585434536,1.064204577974914,0.9914531165492128,1.133524354778224,0.7901203078848812,1.1667759984918635,2021-06-02,1.6669000000000005
2021-05-27,1.425048948158273,1.3381451231217756,1.4079817656546518,0.4787057656757634,1.3513416533704263,1.5125975292668838,2021-06-03,2.0345499999999976
2021-05-28,1.4319887097097292,1.2242882899146108,1.6132237493526995,0.8897435910312196,0.4791108635210677,0.4482948495011858,2021-06-04,1.8728999999999965
2021-05-29,1.74800683725871,2.151709148685064,1.5441028486106618,0.7771603167483296,0.5494444818585269,0.6508965143212367,2021-06-05,1.9257499999999963
2021-05-30,1.4227306245364302,1.2796086253545396,0.9567572362950132,0.3102120246721967,0.8739634330517183,0.5766770635928293,2021-06-06,1.8790999999999969
2021-05-31,1.3174901029068375,0.8360272658104233,1.442078589992074,0.8144379885654676,1.1561858719828562,1.4816806236835751,2021-06-07,1.9623999999999933
2021-06-01,1.8451458889679453,0.8205117703094978,1.5932069531382986,0.7266389370042943,1.632749269883578,0.9691451598042644,2021-06-08,1.9591499999999955
2021-06-02,2.09954943930328,1.3302792891001376,1.7693632118302889,1.2473252879942356,1.4085862354232042,0.6168997572167914,2021-06-09,2.034049999999994
2021-06-03,2.419970809315138,1.6472129524019548,1.6705203662396633,1.4922457310972392,0.9450260172034848,0.5508757070493149,2021-06-10,1.7448
2021-06-04,2.2427553511506013,1.0972057640232016,2.0616973515213406,1.866547655293712,1.368631484897031,0.867723584277162,2021-06-11,1.9258499999999965
2021-06-05,2.0077155067176147,1.9862827248747104,1.089729706582438,1.8478617720730508,1.7718460891683896,0.8218995456394552,2021-06-12,1.9341499999999965
2021-06-06,1.9885567530692905,0.9509511437165348,1.5428602112628782,1.2835869074971624,1.6596467064709128,2.2457917178022337,2021-06-13,1.892449999999996
2021-06-07,1.7211452986070523,1.53219051399151,1.5501886025414977,1.061038838489728,1.677868497325206,0.8967463209895875,2021-06-14,1.959399999999996
2021-06-08,2.0495798900725744,1.1232331079531217,1.7639964551903125,1.126623998933651,1.1322560719832546,0.9098193662348518,2021-06-15,1.7109499999999982
2021-06-09,1.986404464630401,0.7766108643455651,2.313223329247798,0.9243887645113472,1.2694860253176667,1.4444771740511195,2021-06-16,1.6518999999999988
2021-06-10,1.8047411418407968,2.088111300998004,1.7153339849195686,1.9097741592350048,1.6917573105526824,2.050151302279388,2021-06-17,1.5865
2021-06-11,1.7517526399445749,1.0087496072133506,1.5545825900294925,1.0643708638973437,1.80330079511736,1.29155547772417,2021-06-18,1.5740500000000015
2021-06-12,1.5843665200428214,1.8056506785855784,0.7556364260231042,0.7602243592564105,0.98466755098095,0.6819121019914067,2021-06-19,1.497650000000002
2021-06-13,1.1823064588823025,1.506104976021268,0.8836440596185383,1.2042746728792098,1.5238596888829092,1.1325123121848573,2021-06-20,1.5430999999999988
2021-06-14,1.6224135397007795,0.906914933794296,2.5177508344562813,1.233269592048101,1.2947550076505785,1.731935551299463,2021-06-21,1.5668000000000004
2021-06-15,1.2980413078998605,1.0601293701036574,1.909200010347884,0.9175392162508592,0.6548666855420978,1.02465542659439,2021-06-22,1.462849999999999
2021-06-16,1.4996673203472792,1.1106339851315807,1.2017635783554297,1.929653905652648,1.7303534226710064,1.201474711639566,2021-06-23,1.5466999999999986
2021-06-17,1.257663349706275,0.9421556268957152,1.6611015907429405,1.000873858011441,1.3630876991802467,1.893247288238,2021-06-24,1.6325999999999985
2021-06-18,1.3155666880101886,1.0233242527708009,1.3649218653053592,1.620685536567536,1.811956896827141,0.9495425634546508,2021-06-25,1.6290499999999994
2021-06-19,1.2925949484081058,0.6203991744357499,1.760916518794013,1.2243092942983649,1.5380063509688893,1.6365458428063555,2021-06-26,1.6624499999999989
2021-06-20,1.54902151156028,0.7644887589061663,1.6857962268300866,1.7873190803440069,1.284971094676724,1.6042619834597776,2021-06-27,1.6100999999999983
2021-06-21,0.9454538952842608,1.5997413658109056,1.5754202574152845,1.232865943371347,1.7037927764865222,1.176919601006164,2021-06-28,1.6096999999999977
2021-06-22,1.1546095464764672,1.251141300512772,1.4993442634734984,0.8237046661941949,1.6297900262956155,1.473675753400591,2021-06-29,1.578649999999998
2021-06-23,0.7994659347341351,1.2010465525448843,1.0326253091636102,0.9542815950655108,1.5822194118482038,1.2356786187267903,2021-06-30,1.5662999999999971
2021-06-24,1.4527532565733443,1.2446783590390669,1.4631286155256364,1.0232833772913517,1.6212183660370028,2.046571825465608,2021-07-01,1.4772499999999975
2021-06-25,1.3566845488670127,1.3420255033924884,1.3990522866555422,0.8009127267024099,1.625637789074543,0.9622822651878732,2021-07-02,1.479899999999998
2021-06-26,1.2705306879273464,0.9770247000988412,1.8006928229423451,1.2886147393819074,1.600841517646022,0.7389075450997937,2021-07-03,1.3609
2021-06-27,1.1674203389255986,0.7893421848698509,1.325949231850846,1.403743384328921,1.4409561838110667,1.06119011885562,2021-07-04,1.277450000000001
2021-06-28,1.0923486001045064,1.0752562759502975,1.2499509208199346,1.196246779673825,1.007893303701386,1.6257129107170112,2021-07-05,1.2436000000000005
2021-06-29,1.0042415394042563,0.6843842140973397,1.3015159415525597,1.0047284086720143,0.6214709139173561,0.8569673292297617,2021-07-06,1.197450000000002
2021-06-30,0.3509114396701762,1.3247679659205376,2.010498251319321,1.012908342232293,1.0517793068696095,1.1781016471059536,2021-07-07,1.1870999999999987
2021-07-01,1.2698194851645488,1.1701821457557688,1.7591283219017908,0.9051624532743384,1.4965058496493304,0.9102450667523146,2021-07-08,1.1939499999999992
2021-07-02,1.3116055323501783,1.28468074079979,1.072680061776472,1.1365913676935475,1.5836357363260247,1.128046197611808,2021-07-09,1.1697500000000003
2021-07-03,0.6842084862740163,1.186404246475222,0.8581270447195437,0.5411682528048474,1.105838553331565,0.9329995556719918,2021-07-10,1.2040999999999984
2021-07-04,0.945895388098232,0.7700205508336382,1.292057864482064,1.0683776840920831,1.3909393381775743,0.704066897004215,2021-07-11,1.1729000000000005
2021-07-05,1.3101626745570203,1.0748748239426236,1.3947314120452918,0.6564341393418793,1.5808350445742618,1.3758097944446448,2021-07-12,1.14345
2021-07-06,0.8568192540701409,0.9615590696137488,1.3993161845804885,0.9394839930528156,1.107770137922632,1.2666619382432396,2021-07-13,1.183199999999998
2021-07-07,1.569620708649224,0.975802055717182,1.421126506246155,0.9702596419321984,0.8436641932838782,0.6938372918196316,2021-07-14,1.1546000000000007
2021-07-08,0.8649687181475678,1.1471179139229355,1.2175231574038818,0.7156333673185052,1.3407494401195128,1.074997591448659,2021-07-15,1.1795999999999975
2021-07-09,0.7183733201471161,0.8788759135106388,0.9923987787044736,0.5706755099697939,1.1691797110358753,1.034652566657614,2021-07-16,1.1511499999999977
2021-07-10,0.8818298013364516,1.225765679249558,0.9397939306530227,0.7680485777900081,1.6185422054898724,1.3868285642865887,2021-07-17,1.137699999999998
2021-07-11,1.0794582629100895,0.7865197851801583,0.7450572596885908,0.5794699480807223,1.3163393131224137,0.78423220187281,2021-07-18,1.0932499999999994
2021-07-12,1.0548087125412868,0.7175491777886427,1.399041730506676,0.792370014798563,0.8758481761521232,0.4214728895350603,2021-07-19,1.0732499999999985
2021-07-13,0.8240248925197027,0.6182510106131363,1.2174633618221191,0.9488408048478242,1.5441687131344082,0.861018802692558,2021-07-20,1.061299999999999
2021-07-14,1.2134773593318773,0.7133152773550728,1.145495350505647,0.7853640425446703,1.349530337100161,0.864934294056728,2021-07-21,1.0410499999999985
2021-07-15,0.4595758252071735,0.8262393771006212,1.0207292322991155,0.672573947322913,1.0655674878351395,0.7950263549868436,2021-07-22,1.0061499999999994
2021-07-16,0.9361851802148318,0.6306442544981777,1.4492632826880258,0.7001681718820633,1.2429745666628196,0.7285444563799373,2021-07-23,0.9584499999999992
2021-07-17,0.8797788319041651,0.7304270863666014,0.6873299187920376,0.8661324679913973,0.8265008645053366,0.4756404523158343,2021-07-24,0.8866500000000008
2021-07-18,0.9554105238147704,0.8714190158400505,1.1891216863971317,0.9072119110022046,1.4520319662892387,0.6362112579790569,2021-07-25,0.8786500000000004
2021-07-19,0.9977286671714996,0.5782364769376389,1.1771215234182786,0.7638363498612171,1.182552923725286,0.979864225867538,2021-07-26,0.8450500000000004
2021-07-20,0.6976246375801831,0.5172012685840078,0.8020339971221162,0.6763123924577277,1.1969433400048846,0.8607102290982371,2021-07-27,0.7966500000000006
2021-07-21,0.6131731426631819,0.9022782184943964,1.1041030818531734,0.7125508999018634,1.0883628858307652,1.1576105525707951,2021-07-28,0.7839000000000007
2021-07-22,0.8221281769488099,1.0053183674479604,0.8971100396279954,0.6846233890918427,0.6957892666080634,0.7196872824623879,2021-07-29,0.8011999999999999
2021-07-23,0.8064771896643803,0.9617396831039978,0.5714756355945623,0.7164142765841138,1.1351771245782354,0.906618095758089,2021-07-30,0.8332999999999996
2021-07-24,0.5384532767687358,0.7410101030303844,0.8071956625070854,0.6744701962251372,0.9377293074747136,0.759460029219847,2021-07-31,0.8170499999999993
2021-07-25,0.9413057956565511,0.747812288167412,1.0074212388343973,0.9264009253458716,1.3904166895932148,0.7062437306863656,2021-08-01,0.8768499999999986
2021-07-26,0.7420271058633696,1.0078677503263525,0.5625620611041052,0.9805525614930446,1.0854407697297916,0.8033382257385342,2021-08-02,0.8916499999999994
2021-07-27,0.6702850519832411,0.7417460976752077,0.219236675567467,0.5436905358025599,1.210619349131729,0.7586995800471266,2021-08-03,0.8919499999999997
2021-07-28,0.9959181320447136,1.2280989442866057,1.3059879667004088,0.88129418584282,1.017519620715344,0.8653202824596796,2021-08-04,0.9643999999999994
2021-07-29,0.8529929009678769,0.8023894387622449,1.1292006570984918,0.8732064069272925,0.98444754688054,0.961409229722566,2021-08-05,0.9906000000000008
2021-07-30,0.7253299710378811,1.0714711653233746,0.4818080119532738,0.9333168795350144,1.1420112132226814,0.835565768386368,2021-08-06,1.0015000000000007
2021-07-31,0.5333032559836204,1.0946514508233245,0.8104254741332138,0.8024607405534775,1.1400312435497222,0.847155966755889,2021-08-07,1.0377999999999985
2021-08-01,0.6845023185711228,0.6561539512168341,0.772018546023878,1.0851062048394822,0.6248735179252347,0.8989797412350037,2021-08-08,0.9091999999999996
2021-08-02,0.9424361063095332,0.8050475426673063,0.5481335374273484,1.133450663834618,0.6563513153921685,0.5785458283656839,2021-08-09,0.93065
2021-08-03,0.8646980567799493,1.0315382074820465,1.1604245309696632,0.7301397238155053,1.0180638473554695,0.914295832742326,2021-08-10,0.945249999999999
2021-08-04,0.7253228411476165,0.9078875263419016,1.2271781735610543,0.7075528648920949,0.1994068323602429,0.9399299274373796,2021-08-11,0.9372499999999993
2021-08-05,0.9858945225873738,0.6404627711042814,0.8204017205768173,0.893158173091891,1.412342283105739,0.765902012894493,2021-08-12,0.9086499999999996
2021-08-06,1.078563560272914,0.876719115832749,0.6541083116867777,0.8630016352084462,0.8483298443575706,0.8967982302100885,2021-08-13,0.9055500000000002
2021-08-07,0.9179048662507184,0.9594716830867098,1.007937637679423,0.9775255094769136,0.9964642245041768,1.100974129074715,2021-08-14,0.9080000000000006
2021-08-08,1.1553954316853094,0.7064538076357968,1.116125646382124,0.9113968915445146,1.2717418992041605,0.9548554882458664,2021-08-15,0.862799999999999
2021-08-09,1.0555339535488286,0.8739449151213573,0.5224676932323564,0.9120097499906914,1.1744013385367098,0.9907092172937962,2021-08-16,0.9143500000000002
2021-08-10,1.3158490007692842,0.9632903056420364,0.8324342786828751,0.7815509762432847,1.099805231414318,0.9853326164226404,2021-08-17,0.9139500000000004
2021-08-11,1.125533990347399,1.0356956397903578,1.1377604717357586,1.0791604123897365,0.844188851441118,0.8172667812418309,2021-08-18,1.0072499999999984
2021-08-12,1.2334647549115754,1.0320858944123037,0.925780510354038,0.9691984755551863,0.8801472379046238,0.924623564968704,2021-08-19,1.1055500000000007
2021-08-13,1.515764394753726,1.2394575539765436,1.1985999768772886,0.8719738432766075,0.7869594376746804,0.8940113991709153,2021-08-20,1.2447999999999984
2021-08-14,1.1919914684909827,1.0338973697862854,0.7568601456118986,1.2734649685289825,1.3798789872476678,1.136571951509452,2021-08-21,1.3566999999999974
2021-08-15,1.0828753680343657,1.29050202069291,1.0269178777139856,1.0915775780169608,1.4083733667397214,1.0651728987032056,2021-08-22,1.4128999999999967
2021-08-16,1.6950094607541013,0.9841723436485976,1.0471240774023916,0.7897905160949616,0.9099618414394904,1.094742576327343,2021-08-23,1.449249999999999
2021-08-17,1.636581294189954,1.2042783537588209,1.2601666677465715,1.0721480536034935,0.6978268492644726,1.2017245601778686,2021-08-24,1.4455500000000003
2021-08-18,1.3338465837775793,1.2530367903572035,0.9752713461425444,0.9458585997568404,0.9978621283247956,1.3780041882907452,2021-08-25,1.43355
2021-08-19,1.4609001116248432,1.2007191720027146,1.1666836668107323,0.7948234145409576,1.48889921050782,1.0129795980569412,2021-08-26,1.372499999999999
2021-08-20,1.4397092552841109,1.456315140048201,1.0956137996971522,0.9449614375954029,0.7872540672625199,1.0222066278695574,2021-08-27,1.4219500000000007
2021-08-21,1.3367400747686051,1.641732998691643,1.0268327539682014,1.0615172699083966,0.8621576022502192,1.2915554151149538,2021-08-28,1.459950000000002
2021-08-22,1.475665663319186,1.143838549400022,1.1405887571470557,0.9677627829534434,1.1188486838512537,1.2684026880827588,2021-08-29,1.5066500000000025
2021-08-23,1.5296622288848862,1.215508266865764,1.240729550609191,1.5454881317118854,1.2858922507664372,1.0702870274330265,2021-08-30,1.5566500000000003
2021-08-24,1.6032708197813732,0.947435488219376,1.1763347400336674,0.9064633341518228,1.193042259506954,1.0966199807350183,2021-08-31,1.5549000000000024
2021-08-25,1.392287882941486,1.2482378482899208,1.246263465721673,1.3556845660769037,1.460676641123946,1.316619402808433,2021-09-01,1.5387000000000028
2021-08-26,1.3321172067942215,1.341391532966267,1.5134203300773743,1.2714441468593676,1.2672504632848534,1.1498520594094963,2021-09-02,1.5335000000000008
2021-08-27,1.4647230360334411,1.4089173417368288,1.4454416975347928,1.1429960532792418,1.4790813321828538,1.4760647861802891,2021-09-03,1.5050999999999994
2021-08-28,1.5922342275636694,1.1759931944448094,1.774017215173647,1.096539629029094,0.9628724192588972,1.3060462665786363,2021-09-04,1.506600000000001
2021-08-29,1.929719353986045,1.087082558528135,1.507201885213919,1.1817210265041187,0.655087781259218,1.1052845918631955,2021-09-05,1.5081500000000017
2021-08-30,1.493025983998697,1.2082556652445255,0.9511958008893676,0.8696343986360806,0.8201152535604548,1.1611393516781263,2021-09-06,1.4908
2021-08-31,1.641377951891176,1.354651826195033,1.4317660385581163,1.1271448187397284,1.0960731258116545,1.2616076073561435,2021-09-07,1.4488500000000004
2021-09-01,1.7780355081083057,1.3454649469428357,1.2283325457335623,1.39172719357549,1.890817753861648,0.9609317141067136,2021-09-08,1.4679999999999995
2021-09-02,1.6115900022323442,1.367046387171347,1.1538424802604403,1.1754445947145586,0.71141930268408,0.8981549180436665,2021-09-09,1.4672000000000014
2021-09-03,1.1860536317849897,1.2573630330308123,1.2137758319209124,1.348129558661784,1.6838118109775952,1.1927577998865648,2021-09-10,1.4776999999999996
2021-09-04,1.559492437626416,1.0593648468025494,1.507683394928834,1.3480841875266156,0.953350291008702,1.3789131981270075,2021-09-11,1.4266499999999984
2021-09-05,1.1798076501112178,1.4818339890576604,1.51292965391693,1.1921277661284162,1.3977243601687106,1.2581432135708936,2021-09-12,1.5300999999999985
2021-09-06,1.8140112013402,1.1461295584838656,1.3690169847417275,1.1364619336747124,0.7096091416370665,0.9967673815949566,2021-09-13,1.5647000000000022
2021-09-07,1.444321270818936,0.946902698019818,1.866450339445056,1.3263266968834448,1.360411611091377,1.0056793761531124,2021-09-14,1.49615
2021-09-08,1.5765330350196043,1.5128610287996385,1.4158821752971038,1.210778985243126,1.5883428903194523,1.4539261934216476,2021-09-15,1.4693999999999992
2021-09-09,1.356075476863924,0.997945901960724,1.3489306339087743,1.4797771018766857,1.9422380455549435,1.144045340658319,2021-09-16,1.4188000000000005
2021-09-10,1.796268868063564,1.0332710141724368,1.385549193503253,1.3644264048488062,1.4146022371212958,1.3110302778730063,2021-09-17,1.430250000000001
2021-09-11,1.1428949627776872,0.9045880135067312,1.421213297845379,1.40772236238101,1.2059333307071964,1.176794434142114,2021-09-18,1.39765
2021-09-12,1.361083176739368,1.2462182447831482,1.4321297221642713,1.2670694183853983,1.1487152310111166,1.0224808318105374,2021-09-19,1.40805
2021-09-13,1.1660979909735807,0.9237073376955238,1.2370152088676631,1.0742775041183326,1.3928280655256065,1.1741989134094597,2021-09-20,1.4321500000000007
2021-09-14,1.221563902565483,1.0403757020404538,1.2369039005052858,0.8471201651587803,1.2589538732930434,1.137517533205131,2021-09-21,1.419699999999999
2021-09-15,1.309873710026107,1.152870349177624,1.5455825425105396,1.0257124188066382,1.326174076937795,0.9709909359112122,2021-09-22,1.4258999999999988
2021-09-16,1.3238897532374607,1.259209080034267,1.5542339155203602,1.0410095370507533,1.5884563594822407,0.9959100096743412,2021-09-23,1.4278999999999993
2021-09-17,1.4386816931811912,0.9408297613236992,1.332523031614397,1.107431144649506,1.3362462441047396,0.9961137624172528,2021-09-24,1.4002499999999989
2021-09-18,1.137306254474848,1.0371087759138864,1.4178585366488097,1.406145624151362,1.445560986997087,1.2292472974587203,2021-09-25,1.438449999999999
2021-09-19,1.6273937983878262,1.3423769414646487,1.324538068563021,1.1487480573790814,1.098046801379166,1.2321124296859147,2021-09-26,1.401449999999999
2021-09-20,1.1998215863186998,1.210982269551338,1.2204293276500566,1.2648399832228203,1.2501469872191655,1.1547023582856972,2021-09-27,1.4053500000000003
2021-09-21,1.325582674434708,0.8890098859336963,1.3488716995309868,1.0663758199709017,1.0844950267444318,0.9625896939158152,2021-09-28,1.2825499999999983
2021-09-22,1.1608970250588726,1.0455853751378554,1.29587025651599,1.1705459400123857,1.4413624307334358,1.0481186523349244,2021-09-29,1.2000500000000005
2021-09-23,1.1922476627320628,1.2709376744818224,0.9631809581313442,1.1546012052369832,1.3594822214185278,1.043749273255067,2021-09-30,1.2356
2021-09-24,1.2175977577712065,0.3826774873247909,1.4928943663212793,1.2274312325595906,1.3211765596422027,1.0909583533334362,2021-10-01,1.2316499999999992
2021-09-25,1.1405394466643228,0.8559991529857991,1.3348563320110904,1.1623572751558713,1.2234246187555835,1.1052729304722737,2021-10-02,1.1962999999999993
2021-09-26,1.1151525175887875,1.3237087864932346,1.334829219156872,1.1593062452831988,1.4447786092255956,1.1306222387684404,2021-10-03,1.1684999999999994
2021-09-27,1.2967476704333052,1.370296596723949,1.246358930892828,1.0254441665852565,1.3720995287213424,1.055312484017729,2021-10-04,1.1465499999999995
2021-09-28,1.0998194736052282,0.9273017400679024,1.1098668370609972,1.2855924148630549,1.512228281458713,0.9970950811956276,2021-10-05,1.1483000000000012
2021-09-29,1.2620656832328616,1.2155945161320296,1.1328677334081425,0.9071914994445318,1.2759842518040436,0.9238835874662916,2021-10-06,1.117700000000002
2021-09-30,1.0130313007749414,1.2457188251229572,1.141025428134251,1.1870158822983168,1.5875333656925,1.2479135117652207,2021-10-07,1.1436499999999996
2021-10-01,1.127166033521498,1.0655016373867214,1.2120108724434693,0.9941513576411868,1.4747655670475208,1.0823012908369245,2021-10-08,1.1093000000000002
2021-10-02,1.1047914988534104,1.2300733818233551,1.26877980220006,1.3685590451595957,1.0154122161834476,1.4493259867907542,2021-10-09,1.1186000000000014
2021-10-03,1.038938615586298,1.1057558234703475,1.1563722000500691,1.2302175963860074,1.1469378083129982,1.269454661788526,2021-10-10,1.1578000000000015
2021-10-04,0.9349646595478102,1.1695524223379217,1.0764979760280071,1.1061499383181657,1.7225406547478732,1.111204928149668,2021-10-11,1.1945
2021-10-05,1.18196581340987,1.0865389616894483,1.2911891184421702,1.1987630405609595,1.3499261895698913,1.2671639716430354,2021-10-12,1.1950000000000005
2021-10-06,1.2262311812589854,1.1986441330511637,1.1246060044088728,1.144610814382683,1.573295884820198,1.1452184012960158,2021-10-13,1.2075500000000008
2021-10-07,1.325727728898897,1.3778917027353978,1.0707032159486682,1.1712055762321194,1.0623238446458785,1.0307669538596025,2021-10-14,1.1994500000000017
2021-10-08,1.2518830551132578,1.4511305697136525,1.135251184974435,1.1611868971694157,0.992920046226666,1.2114605947469428,2021-10-15,1.2031000000000018
2021-10-09,1.0878574696809349,1.288267709274662,1.3577515949394727,1.3604983668779227,1.1144705773781785,1.491972970535281,2021-10-16,1.2816000000000023
2021-10-10,1.205095195866022,1.2215580043349905,1.422207399295497,1.2541126847411337,1.0308219879115732,1.1104531412005223,2021-10-17,1.2933500000000016
2021-10-11,1.3244503443224698,1.1491198902836215,1.043208706167294,1.279496395893582,1.201034846324537,1.117320696523509,2021-10-18,1.2842000000000005
2021-10-12,1.2833592324725105,1.3742702195053382,1.036036311589966,1.2779983231929826,1.141616411767552,1.0088029949624568,2021-10-19,1.2711000000000017
2021-10-13,1.106422701113234,1.1385970811401296,1.4180533574854275,1.0118488518728197,1.305957840020119,0.9672612383351816,2021-10-20,1.2414999999999998
2021-10-14,1.3191120105548255,1.1699742307657344,1.4585767003981658,1.147660204778112,1.3568325652523976,1.333427959350404,2021-10-21,1.2329500000000004
2021-10-15,1.1979183003496912,1.2269372031255328,1.1889216936469795,1.4347393253369285,1.7435838010161655,1.2225702738721516,2021-10-22,1.2509500000000005
2021-10-16,1.6365747744455836,1.3927020317340033,1.3792631058403286,1.0896081576601238,1.2756710218616212,1.2211173540380291,2021-10-23,1.2696500000000015
2021-10-17,1.418639718265411,1.2698897867484082,1.242505877622865,1.2438534431135446,1.5821100347986985,1.188270629843671,2021-10-24,1.3202500000000006
2021-10-18,1.3216892726607326,1.2722079362675098,1.1617491130082085,1.1920396837598737,1.1919173168114217,1.34635427228415,2021-10-25,1.3528500000000014
2021-10-19,1.522094500320297,1.2596279134066442,1.3140176282383105,1.498273285999462,1.3343350184769407,1.0804241059893074,2021-10-26,1.35485
2021-10-20,1.6058449832179162,1.5429327933759305,1.3003378694675138,1.4273865370136454,1.415687391282641,1.306678353824325,2021-10-27,1.3685500000000004
2021-10-21,1.474396220599302,1.4867661628520403,1.3929565499647676,1.3046774938605172,1.299334197473621,1.4961146479147895,2021-10-28,1.4141500000000011
2021-10-22,1.670037749362788,1.4228226968050668,1.3856594290374042,1.3256311354812362,1.5036439137496718,1.4401319921369409,2021-10-29,1.4589499999999995
2021-10-23,1.5284262422954122,1.323782232233209,1.5737161966241398,1.3676164623512268,1.5689048397381835,1.3696551254133085,2021-10-30,1.472949999999999
2021-10-24,1.6978861603566835,1.4096461741096455,1.8368317540276184,1.394777575197214,1.088466277417231,1.3410993422561113,2021-10-31,1.5477999999999963
2021-10-25,1.7099670255023625,1.4798291294301862,1.618581858829801,1.3199316251805882,1.2852647187218664,1.404182816987232,2021-11-01,1.5586999999999958
2021-10-26,1.570419743067825,1.4860432211025203,1.5564899669971233,1.711428863123068,1.3020453549582154,1.3564848253461914,2021-11-02,1.597199999999996
2021-10-27,1.7048129312591027,1.2415470388048175,1.6785557571805274,1.425696787515459,1.4770772692835246,1.4020624445961696,2021-11-03,1.6461999999999997
2021-10-28,1.8669229274759995,1.3302666303185493,1.7961380972454182,1.5440252714160794,1.0907635883506042,1.594517888470217,2021-11-04,1.6886999999999992
2021-10-29,1.797465549351622,1.1307168674700372,1.886451270250917,1.4374612497299115,1.6707602851072634,1.5925387680673655,2021-11-05,1.9263999999999968
2021-10-30,2.026423496143965,1.6088336396918332,1.728337562641434,1.5945693720390408,1.6258302077512312,1.5613652414673105,2021-11-06,1.989799999999997
2021-10-31,1.6867825123304003,1.4135881178914442,2.065708507497266,1.428316306714407,1.557771633127765,1.4811978566715376,2021-11-07,1.9594
2021-11-01,1.85888113365237,1.7170319017704871,1.7740077189038057,1.776617186296204,1.3283879806766683,1.5949530445291973,2021-11-08,1.8921999999999988
2021-11-02,1.842276654906764,1.4127877860716664,1.733855199012904,1.4818203325441897,1.4597345152191272,1.5474371090632242,2021-11-09,1.881949999999997
2021-11-03,1.734029834092427,1.7072246206332096,1.894896218665056,1.3704990961440793,1.4596916646994678,1.5879361562130905,2021-11-10,1.8999499999999967
2021-11-04,2.191741222397692,1.824995467779152,1.694076837103984,1.4105830801970392,1.697233858437976,1.455529246426301,2021-11-11,1.8998999999999968
2021-11-05,1.9787459705522343,1.4505945405018768,1.7479950050169029,1.651637027160711,1.610542885464335,1.5314299975670322,2021-11-12,1.8725999999999985
2021-11-06,1.9787773990181536,1.629486430624598,1.9036025894123605,1.6319571670670907,1.3968765520613071,1.5020767534979578,2021-11-13,1.8783999999999967
2021-11-07,1.772996078968677,1.7170406413385155,1.824331919964118,1.318949286508745,1.617638407428129,1.5022132148852132,2021-11-14,1.884049999999996
2021-11-08,1.7767651887056766,2.109222589336315,1.7848670263881703,1.8992918872384623,1.999892876806092,1.7225620708270435,2021-11-15,1.8588999999999984
2021-11-09,1.8729250963063369,1.7426986614627418,1.933348394209668,1.6824182347561467,1.7149885728870629,2.025965297643168,2021-11-16,1.884099999999996
2021-11-10,2.1695134926170234,1.5849000028159876,1.6949570497061042,1.739252866193291,1.4979164620737129,1.642080376628987,2021-11-17,1.8321499999999944
2021-11-11,2.225523598278273,1.5710324334288692,2.225525582232832,2.029365139740849,1.815153342679049,1.5198962481289853,2021-11-18,1.7969499999999952
2021-11-12,2.073232042600208,1.8543661395278503,1.8857200556419296,1.6867379580644108,1.4580373032006506,1.916648917191828,2021-11-19,1.813399999999994
2021-11-13,1.9608814890031727,1.3631211464477435,1.7980380135918612,1.7839215401771449,2.134676527346524,1.51520795993832,2021-11-20,1.7687500000000005
2021-11-14,1.851175589746081,1.7495201653202055,1.9275195946496253,1.648253741634144,1.966890166331362,1.7409797531427535,2021-11-21,1.783549999999997
2021-11-15,1.7349799501444303,1.3727300128731508,1.839713147583106,1.348618328509194,1.7607727920711551,1.5045706449549774,2021-11-22,1.7296999999999991
2021-11-16,1.7920229082858414,1.38910546493666,1.935208965208552,1.2623451423328715,1.797251083538108,1.990363723440328,2021-11-23,1.7101499999999974
2021-11-17,1.6611429876537054,1.4924222927720798,1.8615254052271344,1.8650933901239224,1.514064235893633,1.4969756550570346,2021-11-24,1.6898499999999976
2021-11-18,1.6309416949791138,1.2109676815758812,1.6338379508515524,1.5768750592644374,1.840743912973734,1.59283905178684,2021-11-25,1.652199999999998
2021-11-19,1.5566591035639543,1.3439645040281192,1.8044078534367392,1.5984025567330211,1.377790528635574,1.6707785658033698,2021-11-26,1.6718999999999986
2021-11-20,1.5640958405708627,1.547568236705095,1.6170300518369032,1.7394328733251077,1.7605347465266314,1.8065241534727088,2021-11-27,1.6745499999999989
2021-11-21,1.5028647071535688,1.4760871940571327,1.805984783498988,1.540112121859512,1.7150577648160412,1.1332636164146206,2021-11-28,1.8825999999999985
2021-11-22,1.274797663873889,1.6319266654560374,1.8373207833473184,1.642219951725407,1.845159424778922,1.651541108526294,2021-11-29,1.9241499999999967
2021-11-23,1.49113647263844,1.370224604046811,1.5105671733859962,1.6885645171082506,1.8708830365147096,1.6953520720282442,2021-11-30,1.9169999999999976
2021-11-24,1.6903841361931988,1.272069188851347,1.6607301403263972,1.820282494947262,1.6156335620829276,1.6346638466565908,2021-12-01,1.9167999999999967
2021-11-25,1.8995964271699184,1.417257069628768,1.743970243019881,1.388439177034156,2.1560614028072225,1.6459831038528514,2021-12-02,1.8958999999999968
2021-11-26,1.5121275113828192,1.5703008970225207,2.1047603146839275,1.5596353456551313,1.803152652000884,1.6928594217049249,2021-12-03,1.901199999999997
2021-11-27,1.466699337463142,1.2851534785841283,1.770555504116688,1.5590542561764928,1.829169893870731,1.4628476675035855,2021-12-04,1.906449999999997
2021-11-28,1.5307217976399985,1.396240273894337,1.582726756850946,1.3135942317254974,2.2123426473948524,1.622925087976958,2021-12-05,1.9169499999999968
2021-11-29,1.5476178104100573,1.2988936364905277,1.5452510503339871,1.429890038067902,2.0744001559751606,1.2301462655455548,2021-12-06,1.827699999999998
2021-11-30,1.5140557715136167,1.4372357728678768,1.4539117633429857,1.3659714108146308,1.9619409770727576,1.8541715122115503,2021-12-07,1.877349999999997
2021-12-01,1.4041959421183128,1.4289074862657112,1.7212732867704128,1.357351518366558,1.7648781072710171,1.888451138295526,2021-12-08,1.7409999999999963
2021-12-02,1.4235200555561074,1.2622263149907635,1.7594618267665556,1.6765632627612033,1.990338600989093,1.6913387951699914,2021-12-09,1.7484999999999982
2021-12-03,1.570257362054854,2.025407642301272,1.8424006998151068,1.733154381574729,1.9926762542380936,1.6483223798694897,2021-12-10,1.7131499999999995
2021-12-04,1.5070203135262652,1.5080035440113573,1.95484260314498,1.5219895869468183,2.0768180652862016,1.6900498978051692,2021-12-11,1.7073999999999998
2021-12-05,1.6340534943855811,1.8949912729650784,1.4529420674808322,1.373187357479129,1.7394803450533718,1.538097286249875,2021-12-12,1.7229
2021-12-06,1.797103716781871,1.5011301273715618,1.936339941913804,2.089622319879688,1.535144281834106,1.629064155353412,2021-12-13,1.6867500000000002
2021-12-07,1.6766727485924489,1.8175532539643835,1.822752486988677,1.799270700465936,1.593223764906141,1.9538395464512976,2021-12-14,1.7163000000000002
2021-12-08,1.859233133220264,2.0294992077182696,1.749917199670025,1.898596903041844,1.894323435897368,1.7402867975078151,2021-12-15,1.7856500000000006
2021-12-09,1.3601922358548388,2.087690430049621,1.9821836833697324,1.6902592384780548,2.471020267395822,1.6128046347189575,2021-12-16,2.0883
2021-12-10,2.0294744458966942,2.2830464574744145,1.8634626861635804,2.138641991195636,2.237798774671485,1.4450346325831218,2021-12-17,2.07575
2021-12-11,1.8210516571226103,1.9987311999364568,2.3930697306552204,1.5015809089572978,2.3162662997736447,1.7716066328182456,2021-12-18,2.19225
2021-12-12,1.978268122776592,1.7603208552174476,1.7687125963899182,1.8691596442479297,2.268138275334178,1.6842078802759808,2021-12-19,2.110049999999998
2021-12-13,2.1763295903860307,2.211079236751918,2.097693454821277,2.2814273117987405,1.944256015605112,1.9758312814509933,2021-12-20,2.262500000000001
2021-12-14,2.0009132550099245,1.698393922825782,1.9627544526893523,1.740947195060081,2.1135724916562526,1.9966016404231248,2021-12-21,2.2063888000000005
2021-12-15,1.8807727262742024,2.307602808457629,1.994371379982792,2.247714677237174,2.2973499599724514,2.459169865312488,2021-12-22,2.083467800000001
2021-12-16,1.97516489406589,2.181737605502077,2.008675222599948,2.1117030433534567,2.16337979351342,2.0721138569655206,2021-12-23,2.1306794249999985
2021-12-17,1.9774862718215864,2.112606519889086,2.1423113052408302,2.07826777849157,2.112488676923088,1.6855650934600916,2021-12-24,2.0786134799999982
2021-12-18,1.8114240770759973,2.140355704139164,1.9775215174552303,2.260154467235841,2.299989796522759,1.6585115700215798,2021-12-25,2.089959389999999
2021-12-19,2.0795822635735,1.9815054575863065,2.135108253721094,1.6874399256720896,2.0832405594658345,1.689211202196051,2021-12-26,2.1451842849999965
2021-12-20,1.8242493043933128,2.078556006762794,1.990830843000436,1.5365336304613924,2.2102887960768243,1.9629919214467708,2021-12-27,2.2246049399999976
2021-12-21,1.9892571761978464,1.725182378497783,2.074723788700837,1.9870134335816023,2.211013439534654,1.7937687637273876,2021-12-28,2.1724820999999968
2021-12-22,1.855695178701506,1.6588243464218535,1.9831234955982808,2.0855426588775123,2.076678227124229,1.5298039937517731,2021-12-29,2.1680961149999995
2021-12-23,1.9811269892737808,2.178892811418302,2.104622124821975,2.165063642933531,2.3407923723219186,2.079013139796628,2021-12-30,2.3344371800000028
2021-12-24,2.111997248770607,1.4837551887411833,2.0549577531647727,2.0970892405743218,2.0054388320781684,2.2561829798908684,2021-12-31,2.527686150000004
2021-12-25,2.1620885753414925,2.1180237413069,2.114268115522729,2.159575425662241,2.349499491193868,1.8875022332515936,2022-01-01,2.4767563550000062
2021-12-26,2.0933251735361864,2.0635435120674828,1.8071317546833967,2.035993755780254,2.5936586121550445,2.2365488306864068,2022-01-02,2.543530415000008
2021-12-27,2.3537736535454785,2.0777827839783938,2.0908341500796936,2.1897175466903,2.536397821423436,2.305599405328506,2022-01-03,2.684394015000006
2021-12-28,2.3947417484554228,1.9428711443646056,2.253434828820142,1.4294990068039333,2.461896269955516,1.959299828885116,2022-01-04,2.7116599400000028
2021-12-29,2.240121556681949,1.8356523943727328,2.386602246824606,2.3574907048050977,2.482814522221289,1.999216366099431,2022-01-05,2.5768470050000065
2021-12-30,2.5294768198476403,2.517933503134151,2.583596262909855,2.6716079726668016,2.2030117581500184,2.082076392837204,2022-01-06,2.616217310000005
2021-12-31,2.4629764809506134,2.036660028193494,2.325409694719597,2.324703740603508,2.321974137444504,2.613470735602388,2022-01-07,2.580654815000008
2022-01-01,2.5354745268720853,1.7468272294889242,2.561863961090038,2.286448166726655,2.418031760565328,2.561907220431736,2022-01-08,0.2464
2022-01-02,2.2950332552039665,2.1647913401909205,2.56680321715161,2.248284739260213,2.3994823431636547,1.7647782515833712,2022-01-09,0.2536
2022-01-03,2.305058850864475,1.5756224117626596,2.312628575879375,2.198997545517848,2.2365152988693024,2.268006312677964,2022-01-10,0.2559999999999998
2022-01-04,2.200327984518984,1.9181372887752688,2.239485822572264,1.8851662090731864,1.9631208937681504,1.724862635304404,2022-01-11,0.2666499999999997
2022-01-05,2.596065709014957,1.9794559220694803,2.1195082154335245,2.313145154330497,2.254122261758196,1.5734922381845955,2022-01-12,0.2673999999999997
2022-01-06,2.107915855700877,1.803751658685104,2.2698718915969813,1.961463176880584,2.389679069774025,2.018415512004585,2022-01-13,0.2692999999999997
2022-01-07,2.158750945894581,1.588168898089526,2.1464033890560685,1.9683121440118911,2.698900345546964,2.021445021171741,2022-01-14,0.2687499999999997
2022-01-08,2.168188019525594,2.1996170597266542,2.0953709565030296,1.9265499492485445,2.5566238684378884,2.045470443693472,2022-01-15,0.2660499999999997
2022-01-09,2.0928822731016523,1.981550111039734,1.7880629440097198,2.158091694662904,2.1073861627747483,2.1553109151021475,2022-01-16,1.2373187950000033
2022-01-10,1.6152028272262964,1.6906792957454493,2.1262345960134645,1.873353894606767,2.2445532306381875,1.6070603265794698,2022-01-17,1.8050610250000003
2022-01-11,1.8854910955623847,1.424591620191381,1.9750739451108528,1.4920375231058562,2.132578802515658,2.4268889063412264,2022-01-18,1.8538449899999967
2022-01-12,2.0184369406390625,2.092796860273928,1.943428187108376,1.8284345414974883,2.167728492505663,1.959725517656451,2022-01-19,2.171289585000001
2022-01-13,1.7889074955749642,1.8290183631318648,1.9477930322099004,1.7462918391278728,2.097100479653988,2.040014644906764,2022-01-20,2.1214679399999987
2022-01-14,1.907486039678112,1.7271987871059593,2.1025680099367934,1.6717205001723554,2.1970318902853854,1.719330325321846,2022-01-21,2.165465050000001
2022-01-15,1.6058807581352592,1.816596773422372,1.921461539202829,1.896615015028673,2.2375123323052706,1.8860789602447048,2022-01-22,2.1466845150000022
2022-01-16,1.865039966431888,1.4236787200657646,1.870552358265333,1.7423356480309078,1.9596402315585288,1.750030968591331,2022-01-23,1.9799524200000027
2022-01-17,1.9459005391996365,1.439097711304518,1.85258643794024,1.616721136951761,1.9537800059754789,1.5031165994166078,2022-01-24,1.959711395000002
2022-01-18,1.8898929051248632,1.5410204321808485,2.1270036238560017,1.711116891066009,1.9428207243792388,1.786414030660195,2022-01-25,1.832738340000002
2022-01-19,1.818522998520355,1.6997243524446528,1.728109068086331,1.5450872923975685,2.0467496670619814,1.6708827810010345,2022-01-26,2.119603200000002
2022-01-20,1.7156359493661388,1.863998503285656,2.097174627101758,1.5224972549933742,1.8481171520504407,1.7200149262145734,2022-01-27,1.5330853600000014
2022-01-21,1.7243390148475208,1.892991118583831,1.6539258774414032,1.6597857633675104,1.974434925490368,1.6768215025501367,2022-01-28,1.9495761149999995
2022-01-22,1.552907297768257,1.5629916352186644,1.6299425462790866,1.467872971066683,1.6750136767253108,1.7393719874763844,2022-01-29,1.2744646650000002
2022-01-23,1.566555016381329,1.2894565763250336,1.9084442428787425,1.1789571898952822,1.5431722116533373,1.734267457138171,2022-01-30,0.9584366349999996
2022-01-24,1.7226386131127758,1.6210330504471775,1.8157602562717403,1.4192879413268429,1.3315188870380044,1.422441545345305,2022-01-31,1.3565376800000002
2022-01-25,1.8294641937103835,1.5160907691710972,1.851466185878884,1.5856928347618489,1.9488509259113864,1.4804867084985267,2022-02-01,1.578054044999997
2022-01-26,1.4914987305934235,1.4662463626510365,0.931277377191412,1.4814802581423407,1.402883624606619,1.4427149228945435,2022-02-02,1.4169211599999998
2022-01-27,1.362944285302682,1.306517334468935,1.2943439150542293,1.5691475895858449,1.5284891893645574,1.3802546696912177,2022-02-03,1.2048367999999996
2022-01-28,1.3576819958433908,1.2987752871832905,1.4241412179383754,1.2553925403034532,1.860960987412764,1.7747177192605204,2022-02-04,1.125613159999999
2022-01-29,1.1886395267598484,1.5256316553209033,1.139336394596541,1.1779796106980085,1.3332474810945798,1.4671878769453954,2022-02-05,0.9906951099999995
2022-01-30,1.1783932759094988,1.2249492947279204,1.320985757738528,1.2105710964769107,1.2282972019888447,1.3907421980528802,2022-02-06,0.6618586199999994
2022-01-31,1.1862041417752682,1.3452750437476373,1.1320293332136009,1.2558909889749696,1.099355757508148,1.4176323049230348,2022-02-07,1.176726349999999
2022-02-01,1.134105607528129,1.3854113858702906,1.4126124226769043,1.2596753414558344,1.2008552625731843,1.4434536636564193,2022-02-08,1.1005693649999986
2022-02-02,1.0884516421246948,1.4743103962466768,1.1150964355436046,1.432194609293508,1.2378945768627596,1.333092971124432,2022-02-09,1.125507154999999
2022-02-03,1.0605942642942008,1.2496245567233513,1.2512508622119736,1.309767571696223,0.9168549563757784,1.1338056760221855,2022-02-10,0.7492149900000002
2022-02-04,1.1504734756707675,1.3523570204877875,1.1620007101385628,1.2610342059477235,1.209206221538066,1.610605683262425,2022-02-11,1.1120387549999995
2022-02-05,0.9794103690169552,1.7096250228676226,1.157421020754731,1.3205990135149297,1.0774229854076505,1.2490980359374058,2022-02-12,0.9169582000000004
2022-02-06,1.2208307504185425,1.3433767654919373,1.0895912469266709,1.2009498381431996,1.3725550213567193,1.192346681316769,2022-02-13,0.9346885450000002
2022-02-07,1.2180722668524055,1.3690509643063096,1.3481468679169084,1.5188996107551285,1.0785524312329469,1.2575685345207932,2022-02-14,1.0775447100000006
2022-02-08,1.4803154185835907,1.7260199697296013,1.2676278491649011,1.3499706230593906,1.3641641284140502,1.275428500916205,2022-02-15,1.2309471700000012
2022-02-09,1.3958704518138711,2.008154559685708,1.3177730596246535,1.495554433868162,0.7669585294974869,1.6230851790852017,2022-02-16,1.7327032449999984
2022-02-10,1.5252983212805709,1.5552099392429768,1.4101730732319218,1.6680116753355712,1.1826647833684412,1.3363294407759283,2022-02-17,1.6551842450000005
2022-02-11,1.66269924658525,1.4544780737322238,1.5424377151728947,1.4187626294261892,1.595439397407597,1.6665139517176373,2022-02-18,1.6791956799999992
2022-02-12,1.7311238548931929,1.59778910128797,1.42109180048089,1.4312154165237825,1.460262059015044,1.3735893107540678,2022-02-19,1.635528420000001
2022-02-13,1.7007749057010826,1.6922756287454603,1.4942585892734035,1.431039875450992,1.3903216048388942,1.6012350108252569,2022-02-20,1.6687344149999996
2022-02-14,1.3419690569137417,1.4485121421216467,1.65507183618537,1.3911448948029672,1.2184275963620743,1.5377874196971708,2022-02-21,1.7215618250000002
2022-02-15,1.4774532754978615,1.4145954346087446,1.7492292841555273,1.6391294024632463,1.5161554446774226,1.5558630246724514,2022-02-22,1.6316233899999986
2022-02-16,1.985214875203836,1.8361053920892527,1.5243215907444705,1.918651803780832,1.5696864446966663,1.6579627667991914,2022-02-23,1.655671394999999
2022-02-17,1.5963522809255184,1.6068458026216006,1.8590021494346023,1.5884895555076513,1.2561521590330986,1.625292016720279,2022-02-24,1.7094351149999991
2022-02-18,1.71638122722403,1.724671481975502,1.835855665389496,1.3143216777071565,1.5516532249477368,1.671192184890432,2022-02-25,1.6948646599999992
2022-02-19,1.8978120211089224,1.4839691082439268,1.884470446827356,1.4367236158559866,1.502030150248289,1.6721161558532178,2022-02-26,1.6233539349999997
2022-02-20,1.454049987559458,1.6533135093122366,1.828322044245732,1.5182052456821955,1.7141136803934425,1.5726017193853463,2022-02-27,1.6408004899999993
2022-02-21,1.6181520185679263,1.3576848816421716,1.4196770912180376,1.3026722118193366,1.5850435584551383,1.4865559609218657,2022-02-28,1.6516082799999987
2022-02-22,1.5333210445579222,1.4080618831286738,1.6948893124051851,1.1966184863574278,1.7469997420478562,1.1910612780375156,2022-03-01,1.5836006199999983
2022-02-23,1.4531459901957688,1.220949748893188,1.6362552452867516,1.4027271260680636,1.3071699056538952,1.3097004234026906,2022-03-02,1.4553723299999997
2022-02-24,1.3677899073975417,1.4460852397577733,1.7184432896260473,1.1678005009002024,1.3507140639384383,1.359072100824415,2022-03-03,1.5631694749999994
2022-02-25,1.436693757392805,1.4152250798771608,1.2354519728848028,1.4378123318428164,1.5359105189045277,1.3826525003574532,2022-03-04,1.57538464
2022-02-26,1.3849214038174185,1.1465022607022437,1.5660053421417668,1.100742453042799,1.4819181046567196,1.485943706541358,2022-03-05,1.4076162849999998
2022-02-27,1.390257959836549,1.3397960362440695,1.626421793478968,1.328238180812776,1.603813184587628,1.2792001549586478,2022-03-06,1.5727565549999991
2022-02-28,1.124643082868842,1.265487219155765,1.5859565572367469,1.351162196253784,1.4436358392096018,1.1979980731649615,2022-03-07,1.5885876299999986
2022-03-01,1.427636290761395,1.563824595096284,1.1807113651675352,1.4179685620762048,1.2824307336882943,1.2013719883536182,2022-03-08,1.607576735
2022-03-02,1.660189386362505,1.5415651843218394,1.470832553039123,1.257385236304963,1.427759728506317,1.382978785664826,2022-03-09,1.5997528899999995
2022-03-03,1.3647094300255458,1.30213779021321,1.4437202366929758,1.1443773220036113,1.469847000358292,1.281733972318416,2022-03-10,1.507480245000001
2022-03-04,1.3551257063197857,1.3316171715364782,1.618615890456105,1.1737175569884433,1.2087455165272551,1.3908587431692891,2022-03-11,1.532535265
2022-03-05,1.395073476176696,1.39160998846456,1.5268530980527335,1.225029860721914,1.675863434751081,1.2568459249789663,2022-03-12,1.5677641000000009
2022-03-06,1.530715807232184,1.2460431564693553,1.173705433946921,1.2059117512731372,1.307187751886433,1.111596124544984,2022-03-13,1.5393134550000025
2022-03-07,1.2163026742591585,1.4516813218415583,1.3323471439486436,1.36298266111194,1.2795082118662973,1.308278000094529,2022-03-14,1.589263405
2022-03-08,1.6394443476456344,1.4118038171441287,1.1987301521064488,1.4250052671234474,1.2428304000015256,1.1721387308496187,2022-03-15,1.5773221100000014
2022-03-09,1.4790660758380738,1.507312232750169,1.20204391947148,1.4721876851446878,1.294934092301398,1.236924652940426,2022-03-16,1.5031249799999993
2022-03-10,1.6741660692396825,1.390967585712739,1.3822810453906107,1.31179131197821,1.2698524641143896,1.359249237758635,2022-03-17,1.5976740500000002
2022-03-11,1.5264832515052913,1.157067411408507,1.1865488565344682,1.3877423411150145,1.394323415420784,1.2809244993317734,2022-03-18,1.3355732349999991
2022-03-12,1.2534701390839564,1.3923116509717186,1.2278011994626854,1.410086925568009,1.1314725071022569,1.366231114607347,2022-03-19,1.5756662349999986
2022-03-13,1.4407681860078363,1.3581939273304569,1.24836535976385,1.3271746533867153,1.0351904332908544,1.3641748817860773,2022-03-20,1.575567115
2022-03-14,1.2409375955949236,1.4000205405807478,1.4140327626027909,1.43814411256932,1.9536116138551576,1.5118634240611108,2022-03-21,1.516258989999999
2022-03-15,1.462608969707022,1.475574962104676,1.2207379154424098,1.2900231855939446,1.336340048011034,1.3249218695659837,2022-03-22,1.5205861449999996
2022-03-16,1.5296368178799664,1.4237665298866284,0.9983409542748802,1.5568676080530943,1.1790798063346395,1.4692027708269555,2022-03-23,1.517128735
2022-03-17,1.45645430521333,1.6324860134050054,1.441586492449539,1.3582995503255633,1.3526461258942728,1.3688234058744613,2022-03-24,1.4793482299999985
2022-03-18,1.376477801128302,1.5323062801794254,1.4195106710634553,1.4019056367821567,1.2653065414481754,1.3838042048384245,2022-03-25,1.4760293999999972
2022-03-19,1.592101511299292,1.5982346940551024,1.579661672756915,1.4893573387555956,1.3992525383498022,1.518334275477578,2022-03-26,1.4744127899999997
2022-03-20,1.1449478321543425,1.3147392401600553,1.5434205371220908,1.6661911486843073,1.485688126076986,1.5409049665130157,2022-03-27,1.512182579999999
2022-03-21,1.3571653679424698,1.713595419284172,1.4665673261396364,1.4554742655733377,1.191441300741389,1.5904128718588435,2022-03-28,1.4992839849999984
2022-03-22,1.3665257644441011,1.446229554352176,1.4696040696078536,1.3155001192859912,1.257813955229083,1.4975185698068354,2022-03-29,1.5009614049999982
2022-03-23,1.630277876835085,1.41357321963118,1.636208067517051,1.4361968225629818,1.3492580726896688,1.4043738283360292,2022-03-30,1.5169941149999984
2022-03-24,1.5243552093808104,1.7082928686614314,1.4048369032153107,1.4217224383874365,1.36235453850676,1.4200430821926506,2022-03-31,1.5210470749999982
2022-03-25,1.734628250808348,1.5795433147069309,1.3973087653070964,1.6503664450291726,1.2614777986716996,1.4845139766150646,2022-04-01,1.534822124999999
2022-03-26,1.4443500086506635,1.3297080821501648,1.359313784260217,1.4050669654499126,1.3165729067211145,1.5821718728252812,2022-04-02,1.5629948049999995
2022-03-27,1.5619217961387035,1.4422669569115292,1.4516835214192858,1.7464817134174822,1.3498183409690867,1.7507721569788322,2022-04-03,1.5598849099999992
2022-03-28,1.6629057834919798,1.77866215438263,1.523694303357788,1.498948626260039,1.356574646134204,1.351321310378774,2022-04-04,1.5874954400000008
2022-03-29,1.5552379528952711,1.3720909772869878,1.5856414588952128,1.3600713741083426,1.3881976426551803,1.6372057231747088,2022-04-05,1.6014795849999992
2022-03-30,1.6136211992891945,1.3547372212347204,1.609117931819629,1.6364847967222955,1.3120765055381955,1.7633702314250923,2022-04-06,1.6074969399999983
2022-03-31,1.822592542871014,1.388136426421912,1.532977025159878,1.5255980609209774,1.6327771891635927,1.5957707088476438,2022-04-07,1.5967649900000005
2022-04-01,1.3869309550915507,1.3486553356468864,1.9112684173552084,1.503162846045961,1.6633217717522386,1.305884752154423,2022-04-08,1.4907426649999993
2022-04-02,1.5738205804428294,1.3692102145740783,1.5872008309787813,1.4395591105770118,1.4114334896213492,1.366853455597813,2022-04-09,1.5231159200000002
2022-04-03,1.443422430019158,1.2912325478076103,1.6317025697496792,1.2251060092488593,1.6874539575907843,1.2888646097090544,2022-04-10,1.4829605299999995
2022-04-04,1.5498224404755447,1.5249162829927854,1.7100084606925123,1.302307131929468,1.4984132459878086,1.5051182135442749,2022-04-11,1.5175765650000002
2022-04-05,1.6104251761370043,1.7347639757772475,1.678758111492741,1.172862372588031,1.401657780861823,1.4047183055692047,2022-04-12,1.508232355
2022-04-06,1.6027032420640974,1.5147021176462745,1.456096700168345,1.547082828953647,1.6256069507359,1.218488573231464,2022-04-13,1.483108049999999
2022-04-07,1.5825117503437631,1.4719835751703612,1.4590279424275494,1.291744015233794,1.669645726614551,1.2456582494047446,2022-04-14,1.4828314799999989
2022-04-08,1.6086459651053204,1.5067256851204054,1.7396626677830112,1.465673303616963,1.5467982796031616,1.1753441851565305,2022-04-15,1.4859275599999986
2022-04-09,1.6467489255163987,1.3366679145105562,1.7381906165137744,1.359541447907863,1.5731451974906885,1.475283931255589,2022-04-16,1.5032446349999988
2022-04-10,1.4546703568196675,1.1772572232264154,1.7753865276294176,1.2636072762187605,1.6070734468420036,1.3598408209022887,2022-04-17,1.4553319549999997
2022-04-11,1.4021801235093787,1.3568468600271937,1.387657056473106,1.376712260101007,1.6080948001609343,1.3574906160934457,2022-04-18,1.4934118549999986
2022-04-12,1.3677938842836337,1.3160434020745475,1.6201464165452273,1.153553725165425,1.4958284836853784,1.315117050829177,2022-04-19,1.4726597199999991
2022-04-13,1.39778693484171,1.6834152592125546,1.46674177932064,1.148411427338474,1.5016844863407206,1.3593601402708744,2022-04-20,1.491750289999999
2022-04-14,1.400775171792312,1.068096757670644,1.245944516272734,1.2962471395442965,1.3987840296418097,1.639412164384536,2022-04-21,1.2814381049999994
2022-04-15,1.6193471972720626,1.08279692368326,1.1311114533838162,1.389917229760243,1.5489211141021155,1.3334433586335988,2022-04-22,1.298434134999999
2022-04-16,1.411588998492118,1.1559877103581966,1.3707171809614571,1.468955287257807,1.4623781330710235,1.2361796747991456,2022-04-23,1.4535702349999997
2022-04-17,1.3726221307429856,1.106943238510257,1.4603780785346594,1.142872932392587,1.3630249104398495,1.3533976082006625,2022-04-24,1.3726473149999987
2022-04-18,1.4457222433901848,1.2923737567414235,1.086754360165397,1.4138131998834302,0.8612862869739705,1.2101861509154723,2022-04-25,1.556233479999999
2022-04-19,1.166109780481985,1.0832950498736549,0.9533660922680256,1.1863116516832584,1.549502244239301,1.2149932225061344,2022-04-26,1.424731499999999
2022-04-20,1.2394401783188913,1.3598875972825373,1.0426030671390722,1.4402062541009002,1.1195532616132229,1.2847018736248617,2022-04-27,1.546109514999999
2022-04-21,1.295484473337952,1.4801511021528346,1.3830062540631118,1.3179927869723254,1.1454189732884843,1.1782993820391754,2022-04-28,1.532663875
2022-04-22,1.4100635999916982,1.1253788524162274,1.6344592737120482,1.1932262335184252,1.2847674562495026,1.0638739059306033,2022-04-29,1.5161423399999998
2022-04-23,1.100006303921293,1.0545490819160062,0.7839467810385238,1.378606326127998,1.1610148904931,1.3919052065275863,2022-04-30,1.5369693799999993
2022-04-24,1.1030975504135605,1.445785823758162,1.0798814001712282,1.269787499966086,1.379775920756293,1.0819248337946192,2022-05-01,1.6168172700000003
2022-04-25,1.1572417069853147,1.2667131669449976,1.080448066937858,1.234488959098072,1.1047808632758145,1.193014086815635,2022-05-02,1.656578964999999
2022-04-26,1.277794236739907,1.2493582922291753,1.403041376723888,1.1542005597560938,0.8977754577077823,1.6593036945460826,2022-05-03,1.5637226099999997
2022-04-27,1.3697924041322571,0.8896645840697085,0.8518904402139376,1.2781470635381365,1.2468373190891484,1.061238012738871,2022-05-04,1.4382026149999994
2022-04-28,1.1132340145724222,1.128829521955715,1.124475171060138,1.08680120843536,1.3084372631335417,1.1579798156458527,2022-05-05,1.52264997
2022-04-29,1.1301724943879738,1.34925779644905,1.0761712490078703,1.0413425636735063,1.1266898740966875,0.9330789175262524,2022-05-06,1.5059675699999986
2022-04-30,0.8352949004979136,1.0422437965041382,0.6585835926753039,0.8684657244621009,1.0515324955909175,1.366288245071567,2022-05-07,1.298962159999999
2022-05-01,1.0721652679817868,0.939560745899579,0.8074207311127168,1.1410048980981204,0.9971511044279628,0.7992912951620509,2022-05-08,1.4007144449999998
2022-05-02,1.1128714579837993,1.1551626192305746,1.1034274527757566,1.0900618451537314,0.5785400677410495,1.1974858052162147,2022-05-09,1.440541779999999
2022-05-03,0.9203070917656568,1.0658550753375853,0.8149647321243044,0.999360596798143,0.8499877510411078,0.9295441792340918,2022-05-10,1.3381213799999998
2022-05-04,1.0206822176047128,0.9548574403222656,1.3689028186071992,1.069890378107005,0.9405176601929416,1.1424033441991988,2022-05-11,1.3852922949999986
2022-05-05,1.013772687172564,1.1607210559381702,0.9846256540455848,0.8676665875005827,1.0939370719910475,1.1051910446237438,2022-05-12,1.388825764999999
2022-05-06,0.9279157377247692,0.9875222108661194,0.8934462386016946,1.3620091228681648,0.8598021668040433,0.9637130032228668,2022-05-13,1.3549104199999993
2022-05-07,0.924750132803357,1.285381965307125,0.9093031553688964,0.8608261031098995,0.8228100522123223,0.8843277953077407,2022-05-14,1.4325058399999993
2022-05-08,0.726952906823495,1.2104661374980985,1.0761997479830083,1.1926381487851978,0.8131870365964584,0.991409183010208,2022-05-15,1.3676762049999995
2022-05-09,0.7737757251076687,0.9680902819950924,1.1329787841338887,0.9782867785230832,1.0308563681306122,0.8354018912480106,2022-05-16,1.414662489999998
2022-05-10,0.8453979807988757,0.8104522741436746,0.9521986371361986,1.1932963099073697,1.1327848641794938,0.9545368443153344,2022-05-17,1.419634154999998
2022-05-11,0.8581793660373493,1.1299860488057996,0.7919564191216285,0.7099498105140754,0.7961941321489099,0.800071945887489,2022-05-18,1.4398213699999989
2022-05-12,0.8030387786937954,0.8727870330573613,1.0434978180323444,0.6501460942306925,0.9979054598759132,0.7337471475266313,2022-05-19,1.4250997299999992
2022-05-13,0.7208349844986794,0.6203437010941644,0.8278208131165816,0.8387591558312762,0.972552913017807,0.9947353761704144,2022-05-20,1.3725285249999997
2022-05-14,0.4981712029156385,1.0971201673459632,0.960482777515466,0.8730343164754637,0.8434198380245208,1.0392331514120663,2022-05-21,1.4024860799999994
2022-05-15,0.6747158620812083,0.8554589368234274,0.5871220436471243,0.820644108213853,0.7516817012366013,0.8567142930283103,2022-05-22,1.38996789
2022-05-16,0.4991645224688697,0.6195810016929499,0.8446669390503694,0.8290529986406981,0.6766284575230529,0.6778193852558457,2022-05-23,1.3856044849999996
2022-05-17,0.4800113419552887,0.7176728862227969,0.8004956421513836,0.7865232740205752,0.8536486110419299,0.6850147471327065,2022-05-24,1.2948476799999995
2022-05-18,0.274696623197291,0.9421314658897368,0.5140894302157457,0.697437037464482,0.2582309349097511,0.8917394930393457,2022-05-25,1.2124520150000015
2022-05-19,0.4455186243313171,0.6251736313070074,0.3367789481399671,0.8036222500849122,0.3544022717993416,0.6817464005357636,2022-05-26,1.2411745549999995
2022-05-20,0.2398639207309236,0.7744741060910008,0.7279114664141894,0.8817926879668119,0.8754295515801954,0.6231714208632365,2022-05-27,1.2307542149999988
2022-05-21,0.4191273970269951,0.7701528458526465,0.7040584894041122,0.5280223301925961,0.5460991132776162,0.5854266047814127,2022-05-28,1.2533544649999997
2022-05-22,0.1899637641785383,0.5832768516273411,0.2962254315487382,0.6391568921477705,0.4722452531454678,0.6025282260390175,2022-05-29,1.1872419049999996
2022-05-23,0.443769862689808,0.770220611885905,0.5030783070123193,0.5898451962047124,0.6821905880403608,0.608201980306212,2022-05-30,1.0249271450000004
2022-05-24,0.1037931520991224,0.5773526393623399,0.3238911213901316,0.6133026706217674,0.5571575547576569,0.8242211114214129,2022-05-31,0.8879500700000008
2022-05-25,0.3719175787065067,0.5232808306410942,0.4507418746359022,0.6423108020845523,0.5648349187819749,0.4137409160625515,2022-06-01,0.9501061950000002
2022-05-26,0.3134599708434193,0.620424467589665,0.5109372226651614,0.4348028170299007,0.518929750618827,0.6909710353491497,2022-06-02,0.7692577749999997
2022-05-27,0.5559089500279981,0.6002704220671398,0.4522774905562837,0.7641074642234811,0.8523256420857476,0.6522822999170579,2022-06-03,0.8307880600000004
2022-05-28,0.477453108529924,0.5790450514895658,0.342236753760948,0.423574657804142,0.8493951326654833,0.6812853721881281,2022-06-04,0.7035200999999996
2022-05-29,0.4858556959276899,0.6231481831537072,0.476084903856749,0.5252261470766603,0.5599098561843306,0.6465724448642418,2022-06-05,0.6418584249999988
2022-05-30,0.6752568430404251,0.447059449699988,0.38885578035840335,0.5812392599203529,0.5268444120754416,0.6224978237158365,2022-06-06,0.8797001649999983
