date,nbeats_sol_lookback_15_window_5_std_1.25_num_add_dfs_2,tcn_sol_lookback_15_window_5_std_1.25_num_add_dfs_2,nbeats_sol_lookback_30_window_5_std_1.25_num_add_dfs_2,tcn_sol_lookback_30_window_5_std_1.25_num_add_dfs_2,nbeats_sol_lookback_45_window_5_std_1.25_num_add_dfs_2,tcn_sol_lookback_45_window_5_std_1.25_num_add_dfs_2,date_prediction_for,test_model_lookback_1
2010-01-01,0.0,0.0,0.0,0.0,0.0,0.0,0.0,0.0
2020-07-10,0.683997307040761,0.5896548550328775,0.1554769976464835,1.0072078472095356,0.4144718513888145,0.5388794129921329,2020-07-17,0.0
2020-07-11,0.3542399699450106,0.6245518754073517,0.8608364696326736,0.9860298948162892,1.537185271070356,1.0440991498449428,2020-07-18,0.0
2020-07-12,0.8732705277335928,0.5846771615530908,0.281145887748404,0.687070209454345,1.4634658707565222,0.6294899472826674,2020-07-19,0.0
2020-07-13,0.3119644209137763,1.002565912524244,0.6655022625970972,0.875183289455948,1.2861684948794485,0.620524125826507,2020-07-20,0.0
2020-07-14,0.7335097213845239,0.8066173553352382,0.752994108133764,0.774759336654302,0.9641850111724786,0.6046146403062336,2020-07-21,0.0
2020-07-15,1.0683205299532137,0.6776681670499505,1.0614241074766388,0.8450579129900887,0.7182738800802917,0.9102552965891466,2020-07-22,0.0
2020-07-16,0.5237597378292446,1.2512723518391546,1.1008555730398983,0.7363896083371458,1.2893679583372908,0.7160355222734434,2020-07-23,0.0
2020-07-17,0.6881424634554847,0.6250977188632603,0.9235016678715192,0.6936947450533528,1.050809718569223,0.7614357339228824,2020-07-24,0.0
2020-07-18,0.6734491597622015,1.24326726036664,0.5725569374619094,0.9544067226730149,0.4808691617096029,1.0458805610124329,2020-07-25,0.0
2020-07-19,0.2530854852743493,0.9542283500803568,0.7265222758199792,0.3626111384739419,1.1027776904129218,0.8234867766906516,2020-07-26,0.0
2020-07-20,0.7466046327551665,1.0357848781010883,0.3333207084063163,0.971573520276904,0.5261209616063985,0.7430052943921234,2020-07-27,0.0
2020-07-21,0.6986715781761301,0.53209933762227,1.120595780349325,0.8335932725338363,0.5768646648932962,0.9653532479664704,2020-07-28,0.0
2020-07-22,0.7040683156176377,1.0485744707706284,1.4277231011491234,1.149418964269259,1.2035777918963375,0.3947414108893289,2020-07-29,0.0
2020-07-23,0.80137087187065,1.1548337882051007,1.2334581099850794,0.8266924704120313,1.5322229392543956,0.9859241059674412,2020-07-30,0.0
2020-07-24,0.8452983422175364,0.8636078624244667,1.1004354314281866,1.0822818476818472,0.6670149254186363,0.182934751968235,2020-07-31,0.0
2020-07-25,1.0799288187988698,1.02411249846322,0.97190963289334,0.167351809798554,0.9541336328590618,0.8718310781463193,2020-08-01,0.0
2020-07-26,0.8570309122608324,1.2895937438613885,0.9825078406295038,0.7660203130746148,0.7070656731834308,0.3506960365522319,2020-08-02,0.0
2020-07-27,0.7936473752360022,1.1427881990708344,1.1494335792439516,0.9183164644278764,0.3877324672502545,1.2790392353891944,2020-08-03,0.0
2020-07-28,1.2099639640162827,1.006074881594152,1.481381393514878,0.8794939678454431,1.7397227784638476,1.120355982785835,2020-08-04,0.0
2020-07-29,0.436050666885772,0.9988637502819208,1.1781562942290449,0.8278776929530924,1.3872545980242903,0.8425129000119249,2020-08-05,0.0
2020-07-30,0.6338671798088433,0.8503900982861958,0.580312732464284,0.77359147497303,1.134422977898774,1.023614164603296,2020-08-06,0.0
2020-07-31,1.255668097717652,0.9230187469766856,0.9863556509260226,1.1417230200445143,0.5927383045017819,1.0425818698321112,2020-08-07,0.0
2020-08-01,0.7022084663696335,1.3198715711264573,1.6226812102093773,1.0052208154923603,0.9808846850022098,0.9020513734390296,2020-08-08,0.0
2020-08-02,0.6808402094575658,0.3726637229045054,1.1894497140597582,1.0620148204656377,2.224052363913412,1.07112021844843,2020-08-09,0.0
2020-08-03,0.9986356283779356,1.859326410902564,0.6514461626830436,1.5122180178418725,0.8540307074087284,0.9652919013293042,2020-08-10,0.0
2020-08-04,1.1567844740886897,1.3303625761989095,1.122739930655377,0.9147567415319892,2.481534689290538,1.2477811958950205,2020-08-11,0.0
2020-08-05,1.3501378126000778,0.496705472637747,0.5080521139108687,0.9511334232104598,1.5269933487137777,1.5500859943976966,2020-08-12,0.0
2020-08-06,0.996449633694836,1.4952130605925489,0.5224764657268681,0.7448072768110348,1.5460035562802763,0.9603776935850696,2020-08-13,0.0
2020-08-07,1.120784249401912,1.601193807247398,0.8675142931900717,1.1322239953227042,1.2087771001535337,0.8378783499626261,2020-08-14,0.0
2020-08-08,1.6048817222089564,1.4637107635767463,1.4083444108034835,1.746644990755398,1.9012495181152465,0.9947759399510816,2020-08-15,0.0
2020-08-09,0.8619688047921876,1.8012657586175804,1.23203766941508,1.6652534040367477,1.6411953034606526,1.2680329161979007,2020-08-16,0.0
2020-08-10,1.8131308485048525,1.4813682546747422,2.003194431861605,1.9593578844607864,1.7473902093007032,1.332421749563333,2020-08-17,0.0
2020-08-11,0.8049734100827746,0.9169047201995588,1.6361811361855862,1.7885103299973617,0.4648086186443356,1.0260014299563132,2020-08-18,0.0
2020-08-12,1.355804507122519,2.0730814377534474,0.6622243155306777,1.9487578587091747,1.2290916179203153,1.114295887162499,2020-08-19,0.0
2020-08-13,1.34410901087447,2.148750579410079,1.7472581782745706,1.7397282167737722,1.7901900628048852,1.4240307593935686,2020-08-20,0.0
2020-08-14,1.6823412351314682,2.2817146920426983,1.161008182008518,1.5628559598293152,3.0677304121993165,1.8766897621975005,2020-08-21,0.0
2020-08-15,2.561594157779346,1.0053750158479402,2.272489581209689,2.551472331245713,2.08625726228126,1.6761233582781885,2020-08-22,0.0
2020-08-16,2.611908731920747,2.212778471563165,1.8291756338950635,2.071146195448935,2.067837300303629,0.4894555175139555,2020-08-23,0.0
2020-08-17,3.6358030911022814,2.349138670977756,2.578713109694644,1.4256441687701698,2.507954330556995,2.0754958941518264,2020-08-24,0.0
2020-08-18,3.77613632443652,1.605369817272988,2.495026642235052,2.0082967857678,2.2644044038248854,1.5890712934301865,2020-08-25,0.0
2020-08-19,3.538266652235358,2.2039906070906383,2.4841508078839705,1.6965353109213728,2.130111238056497,1.4078993061498448,2020-08-26,0.0
2020-08-20,3.748278849110085,2.0626241682135853,2.248419319993572,2.1573504824348024,1.9623177260411464,0.6045364544312475,2020-08-27,0.0
2020-08-21,3.85127785446506,2.7653528153853,2.673515091535056,1.087863837667398,1.8700287996906648,1.915137825637183,2020-08-28,0.0
2020-08-22,4.12516543036757,2.251800377988408,3.66287444219487,2.006237396556964,2.5148364996246606,1.9499132713496063,2020-08-29,0.0
2020-08-23,3.054245961774409,2.2249889021622904,2.9658225109042675,2.5732585348943235,2.8869713349958577,2.355012633165679,2020-08-30,0.0
2020-08-24,4.087428184919194,3.115946096690156,2.16135513027739,2.736340182633501,2.434449445978162,2.3173032444325887,2020-08-31,0.0
2020-08-25,3.720483259427492,0.8752487704253978,4.109541867457864,1.7321808309398417,2.6986055002767166,2.4938183817753856,2020-09-01,0.0
2020-08-26,3.4814125579818938,2.1484866869692145,3.0365521504189124,2.913484677304583,3.148285205232095,1.9870529435734416,2020-09-02,0.0
2020-08-27,3.3220186756030468,2.4337989810055856,3.680946811927716,2.074230791186592,2.758144039626378,2.1894206322941088,2020-09-03,0.0
2020-08-28,2.655922786860489,3.3520707152446563,3.6341566270654337,2.995537084946553,1.782448942263521,3.3962017094744184,2020-09-04,0.0
2020-08-29,3.2466241238189744,4.293277799313352,3.0104169131170875,3.00333932103408,3.429180490294716,2.390379269865313,2020-09-05,0.0
2020-08-30,3.238382886320552,3.0112433369369183,3.3977127726677345,3.4705364320081578,2.643200684923694,3.2454009195543896,2020-09-06,0.0
2020-08-31,3.1483209460443824,3.19604872399794,3.726135629874297,2.6553544008717083,2.957686496581557,2.823794945106691,2020-09-07,0.0
2020-09-01,3.1137900953928552,3.363342670135038,3.952502292606612,2.5572498229954914,2.576946891011529,2.259675552800179,2020-09-08,0.0
2020-09-02,3.627719258389336,3.606251758864246,3.621882170535119,2.503842809350497,2.821638567138928,3.3577518194597444,2020-09-09,0.0
2020-09-03,3.6629210547463713,1.4735012156494034,3.7879216696822087,2.2130141534723418,3.522281649501022,2.9801465789304937,2020-09-10,0.0
2020-09-04,3.511042336751759,2.807427907032915,5.821531350286236,3.3942362219745954,4.014353362323136,1.6248376400173103,2020-09-11,0.0
2020-09-05,3.031782970511167,3.610255052806323,3.698763568632768,2.643587078985411,3.2352202844603863,2.655208465388018,2020-09-12,0.0
2020-09-06,4.330862811922287,3.193062712861257,3.8524043110217208,2.449349868604016,2.6388262193002747,2.363166440274505,2020-09-13,0.0
2020-09-07,3.4561110923822254,3.7047333322485216,3.496713878058384,3.660015738102569,3.756935695562835,3.023857784227902,2020-09-14,0.0
2020-09-08,2.701900930017635,0.9921796636849988,2.7973312273815405,2.455688135400344,2.9258317022534737,2.8288215825267304,2020-09-15,0.0
2020-09-09,3.8474824823345486,2.6970329879904344,3.2902827578442406,2.318902048156201,2.781177391952649,2.596089050919601,2020-09-16,0.0
2020-09-10,3.020571506820985,2.43084174709218,3.1130742647309257,2.811172375032335,3.632293890942178,2.451962495138719,2020-09-17,0.0
2020-09-11,3.167623292983957,1.901462744157102,3.503727428605864,2.2574012674845028,2.871710166829425,2.280402156553432,2020-09-18,0.0
2020-09-12,3.700248802788526,2.3390029014627656,3.1853157590581613,3.057226006451351,3.807698298308022,2.80671694795984,2020-09-19,0.0
2020-09-13,3.509472239371928,2.908792878573319,2.967766154119541,2.668929227942403,2.7466911137426875,2.099845365859756,2020-09-20,0.0
2020-09-14,3.479819905929217,2.924880620251918,3.2211055390546592,1.401080013509555,3.7184048569751775,2.862904883777289,2020-09-21,0.0
2020-09-15,2.9225134052419617,2.491296458987,3.0771346226036296,2.4374090313823094,4.218228127543311,2.8456799352925377,2020-09-22,0.0
2020-09-16,2.832610513494709,2.413686723031101,2.4077555976478573,2.184787796915974,2.1016636272702964,2.3001667978365954,2020-09-23,0.0
2020-09-17,3.0918516717465123,2.391007718533186,3.1388361193824785,2.280356007025924,2.991397788418443,3.103812518917439,2020-09-24,0.0
2020-09-18,2.9515976106695296,2.4445927037221247,3.178932710578087,3.3289842416973494,2.8013163494032964,2.600239976488253,2020-09-25,0.0
2020-09-19,2.637343056840717,2.6301408450632144,3.249639618444744,2.4293944291294323,4.353484696242331,2.5086600193836817,2020-09-26,0.0
2020-09-20,2.340481848333931,2.7346126726026623,3.126491315861444,3.167926269424828,2.588576995556126,2.422412382085396,2020-09-27,0.0
2020-09-21,2.2281591621455314,2.3300433136034115,1.5755365470910525,1.916027346823837,3.0088610807868665,3.3451926508115326,2020-09-28,0.0
2020-09-22,2.503094141454523,2.82005359956136,2.523935305597212,2.6437369861277986,2.784979612331102,1.5005167921349525,2020-09-29,0.0
2020-09-23,3.26021206142219,3.528999846189093,2.7914558968746777,2.5159348692334613,2.324440869009369,2.1875698432945754,2020-09-30,0.0
2020-09-24,2.2705852828117736,2.487240839032117,2.5323667719002807,2.5330023281142515,3.2309515174971044,2.085928037033682,2020-10-01,0.0
2020-09-25,3.5026626766423385,1.005172039355033,3.2078177704768107,2.47644042296618,3.6093749018879455,2.018941114237191,2020-10-02,0.0
2020-09-26,3.053538470421361,3.1972508244046813,2.240606834993192,2.0970575094962767,2.3325982276380604,2.189149859353104,2020-10-03,0.0
2020-09-27,2.9444656488086185,3.073124871948691,3.1986466084579246,2.844305637232687,2.7655070252146188,2.9693374650113475,2020-10-04,0.0
2020-09-28,2.6147870721175592,2.4849376507961582,3.1612425563538635,3.072312656520388,2.75629880222524,2.668335720888571,2020-10-05,0.0
2020-09-29,2.868203840762646,2.111682281580903,2.800761278078141,3.519431591749264,2.2525378667150453,2.214046246307572,2020-10-06,0.0
2020-09-30,3.1296589377883373,1.96425962779134,3.554586705595382,2.215056800473488,2.920463616065667,2.136887227571985,2020-10-07,0.0
2020-10-01,3.069959982362498,2.82727139667115,2.996824498851087,2.365617689988874,2.7589809627023705,2.7378190394359203,2020-10-08,0.0
2020-10-02,3.200400005749654,3.1381372963729777,2.441677292631058,2.047917126167597,3.32663505922712,2.081917535510081,2020-10-09,0.0
2020-10-03,2.935252282862621,3.6136764321699335,2.561280113398116,2.4170464210515874,2.9138214658116395,2.148961964207292,2020-10-10,0.0
2020-10-04,2.8237449376592667,3.050941487807057,3.33027780903834,2.5384194160718025,2.569246632463067,2.2521657205838643,2020-10-11,0.0
2020-10-05,2.83857862670072,2.7279460700266047,2.7836102491530217,3.3435723646049547,3.307312973201572,2.198856365232537,2020-10-12,0.0
2020-10-06,2.382328332162263,2.632177647642672,2.7246282273396525,2.395914743925098,1.9742063099190463,2.3400707686379625,2020-10-13,0.0
2020-10-07,2.7381805886125954,2.424381926651513,2.528629243282639,2.9970116418241983,1.375770381489814,3.1274590515171834,2020-10-14,0.0
2020-10-08,2.444181687036904,2.986841750437747,2.6009504639337258,1.9505119862247875,2.666448448151003,2.071319904853417,2020-10-15,0.0
2020-10-09,2.991019784915916,2.381836141007986,2.2651248561494386,2.307605023753164,3.805304216292007,2.6816000242055447,2020-10-16,0.0
2020-10-10,2.1393931503002745,1.583859523896498,2.1042722166693406,2.0074053684635222,3.047665135587888,2.0398746353592587,2020-10-17,0.0
2020-10-11,2.099335121006627,2.8284558818396546,2.073907492214647,3.109017853081834,2.4584620785964533,2.377984757628477,2020-10-18,0.0
2020-10-12,2.6243648624151925,2.211385408243647,2.3672250658945764,2.0096479707136656,3.3168421345641805,4.43959993893728,2020-10-19,0.0
2020-10-13,2.267584895769505,2.339908858558185,2.30478944713071,1.812693680020382,2.828624714947874,1.954706355253578,2020-10-20,0.0
2020-10-14,2.047314281272706,2.3660759506398845,2.581695657325604,2.063860103194206,2.8999163884471386,2.595540785358119,2020-10-21,0.0
2020-10-15,2.3564425263961084,2.707861753737778,2.329708764720072,2.171728300717106,3.0473569825514297,1.8633910140021104,2020-10-22,0.0
2020-10-16,2.170518594181456,2.282466625166807,2.4812895912878714,2.386817298235559,2.5718993578903087,2.138393624435933,2020-10-23,0.0
2020-10-17,1.816852467825549,1.95138337838374,2.4048652511659334,2.38363279111372,2.3541379058214966,2.18403278142094,2020-10-24,0.0
2020-10-18,2.2587346989969923,2.7624264063649044,2.423713431768644,2.2297454658075173,3.2641639545615257,2.267024592281917,2020-10-25,0.0
2020-10-19,1.7477629680708788,2.443657409014577,2.7872496751014486,2.2382413312525227,2.608516938934568,2.927287327159415,2020-10-26,0.0
2020-10-20,1.9055365123251475,3.010430082294861,2.9538418217926727,2.41463698210864,2.06720080415783,2.115765679062009,2020-10-27,0.0
2020-10-21,2.444801004457561,2.798668114260395,1.9590254847434547,2.325263688438888,2.831415984070779,1.8336190792789409,2020-10-28,0.0
2020-10-22,1.7451583130267765,1.8874548227350227,1.5840168049259868,2.167229522177093,1.9041326801695777,2.156430391099063,2020-10-29,0.0
2020-10-23,2.1681667743231734,2.118843256569755,1.9400656291623952,2.8982721357286243,2.9214453497644053,2.0576984770846534,2020-10-30,0.0
2020-10-24,1.7961760226937793,2.492436269732058,2.013264211539449,2.5224332008116663,2.7867646831199493,1.9960661711052257,2020-10-31,0.0
2020-10-25,1.8047273189035824,2.906581540356865,2.2484734914734976,1.987918780863668,2.2690310832173384,2.0649641584503136,2020-11-01,0.0
2020-10-26,1.6905725303337669,3.00835109094451,1.6965879738886924,2.669793149880093,2.236625432890813,2.074460394561661,2020-11-02,0.0
2020-10-27,1.7309669691361198,2.218960726221442,2.1897443535667587,1.5831414423012735,2.562801996182571,1.9272630935208483,2020-11-03,0.0
2020-10-28,1.5831204262717828,3.045919301193456,1.089111078575182,2.380963514389135,1.997706612449079,1.9556426166363985,2020-11-04,0.0
2020-10-29,2.225006034093578,3.776712343669885,1.7844861859600516,2.029595570547148,1.5720510778869734,2.401098129288948,2020-11-05,0.0
2020-10-30,1.6338315413442106,3.082888672314346,2.2566485513503136,0.960120211631712,2.0517329912923192,2.152011370047352,2020-11-06,0.0
2020-10-31,1.7045330917912604,2.6448177785972007,1.541157780035698,2.2631093520465604,2.509102529552391,2.0469213710897294,2020-11-07,0.0
2020-11-01,1.4833512017577912,3.7677539363069066,1.98619059514365,2.336142171048819,2.345875621145623,2.325577025578137,2020-11-08,0.0
2020-11-02,1.618664929271476,1.824208979115484,2.519821788009395,2.0258538505861736,1.3524886071594402,2.1360366826055364,2020-11-09,0.0
2020-11-03,1.4121025041005209,1.8215518137786133,1.194347114157279,2.2565415342131465,1.2912689496115717,2.095976253625102,2020-11-10,0.0
2020-11-04,1.49995330070682,1.9829805577243391,1.5152607291584952,2.5539393319700983,1.8367369140297265,2.554114891536285,2020-11-11,0.0
2020-11-05,1.422345418023863,2.266563038464084,1.8249170583821137,1.9957209567060288,1.6411042252834822,1.966227836440515,2020-11-12,0.0
2020-11-06,1.2368543268507135,1.97737120601252,0.8060256966584802,2.022339484800077,1.3202144811027607,2.866636986200441,2020-11-13,0.0
2020-11-07,1.3402964441450078,1.6500919622341848,1.2277861772398817,2.3330504144627646,0.6886714845069326,2.30473367008225,2020-11-14,0.0
2020-11-08,1.1296713822698738,1.6615181112473445,1.8500814177808944,1.7906372458775994,0.997118067182372,2.0537608094940736,2020-11-15,0.0
2020-11-09,2.209974595522818,2.611328259340179,1.0490199756345542,2.4365498137830843,1.5978720919133276,2.4699925123492497,2020-11-16,0.0
2020-11-10,1.3389427282465474,2.9856155461142366,1.6865866595132322,2.1170356905832186,1.890110083627805,2.325747992799597,2020-11-17,0.0
2020-11-11,1.4911236353221664,2.5837963744528416,1.5112239849480975,2.8030928692731787,0.7653452400535706,2.5306787660036347,2020-11-18,0.0
2020-11-12,2.1162048389548542,2.519104455332346,1.3575188945395316,3.0146802545119584,2.00078816561491,2.1591211155384014,2020-11-19,0.0
2020-11-13,2.285894694189945,2.467966124102796,1.3460326665037603,2.036592588170335,2.0335059468944188,2.8320093009004226,2020-11-20,0.0
2020-11-14,1.9937071993205049,2.852730849639912,1.3177662810440671,2.375558761340815,1.7761928241757174,2.768983691012225,2020-11-21,0.0
2020-11-15,2.139126850816534,3.0378124870165766,1.4007704440563338,3.0552282096190897,1.4861303731237925,2.30097265233965,2020-11-22,0.0
2020-11-16,2.23777115651892,2.939450731567302,1.582644942825663,2.2113877544928373,1.5073174540555292,3.701803165818942,2020-11-23,0.0
2020-11-17,2.459706738869323,2.401108322093772,2.101257648022905,2.7193029210418063,1.9342995116281672,2.3901558362687108,2020-11-24,0.0
2020-11-18,2.361860047931213,2.436298857653437,1.9544950527890068,2.2701904019169645,1.2806390911944168,2.6779244860403413,2020-11-25,0.0
2020-11-19,2.761995235608157,2.089900483353324,1.553272778831468,2.297804251161728,1.74711578083045,3.310892782954887,2020-11-26,0.0
2020-11-20,2.5780620414646145,2.5214712534656054,1.4824804927596826,3.241776365711709,1.6585612649306694,2.244871646693583,2020-11-27,0.0
2020-11-21,2.8691552492647414,2.438036628791182,2.1546152613518705,3.2604888027143235,1.5401602364218283,1.356189454945022,2020-11-28,0.0
2020-11-22,2.9475399198278303,2.264159380195099,2.195803877701155,3.531014466795328,1.6742160767783347,2.0184493967021124,2020-11-29,0.0
2020-11-23,2.7517785366834207,3.740417118041923,2.470112908981177,2.7806805919005124,1.843940040044239,2.263688180871518,2020-11-30,0.0
2020-11-24,3.160917213888596,2.2532373316538035,2.085325766856011,2.033040492613884,1.4235934959379897,2.730760089142382,2020-12-01,0.0
2020-11-25,3.2472532729057253,3.240402600105633,2.1920222380181134,2.70652746958596,1.3185474820607748,2.594394352369126,2020-12-02,0.0
2020-11-26,3.2805550242862966,2.757896187919765,2.307167529221049,3.0813297614947843,1.742325699772541,2.870231008703394,2020-12-03,0.0
2020-11-27,2.95560434595628,2.8610522998873447,2.548965073064816,2.377653714243283,2.6461109858021654,2.350584782677973,2020-12-04,0.0
2020-11-28,3.2144083903783343,2.300228785190012,3.016118438497879,2.374606416954588,1.5849412019710707,3.5805916007169247,2020-12-05,0.0
2020-11-29,2.4681135156653,2.1521753567448503,2.77677698447345,2.5822712163985178,2.581127261420405,2.636746504749828,2020-12-06,0.0
2020-11-30,2.918348530140109,3.3223132316081405,2.4807433625521385,2.618820679416162,2.545374433422532,2.6117677424207293,2020-12-07,0.0
2020-12-01,2.7012034762031227,2.554304601452819,2.516276848203033,2.882473964549164,1.9062844668231345,2.3784998902721743,2020-12-08,0.0
2020-12-02,2.75351596524096,2.8637955966086306,2.4397347242497505,2.394695018893229,1.7311654449468483,2.4185320267767354,2020-12-09,0.0
2020-12-03,2.4692020770972336,2.45338573566077,2.696984291414032,2.9662273946810407,2.0608534772363782,2.66995992400092,2020-12-10,0.0
2020-12-04,2.5553076400619106,2.5173558323562752,2.659266714037733,2.7930784464580425,3.049797418453487,2.653779107508456,2020-12-11,0.0
2020-12-05,2.4024886091156885,2.581694498957491,2.635417683028913,2.478896130183116,2.795123978969745,2.525225861466821,2020-12-12,0.0
2020-12-06,2.775311544638465,2.2095758455087067,2.873107246910609,3.2137643522237687,2.0613607934315654,2.66949739580982,2020-12-13,0.0
2020-12-07,2.4334374008476587,2.448325455077382,2.3484286712996782,2.9743449180832244,2.3821781623533727,2.631571051397349,2020-12-14,0.0
2020-12-08,1.817269501209446,1.9393767997156297,2.9398843398986454,2.4442196233223488,2.236318081295805,1.9930606538012223,2020-12-15,0.0
2020-12-09,1.9928955710540537,3.7478427048310334,2.5399580306810914,2.4705381302680385,1.8590593971113312,2.652171789059847,2020-12-16,0.0
2020-12-10,2.124175728022548,2.828630700821374,2.9056794868993845,2.2988132483970403,2.6803535359123227,2.4321376922844347,2020-12-17,0.0
2020-12-11,1.956262855947944,1.6097148414605034,2.3534570693935075,1.960310854178818,1.9669903382945653,2.8085398015223806,2020-12-18,0.0
2020-12-12,1.694029479679664,1.92955784996128,2.5843528179017587,2.0831228484577573,1.9574645443677097,2.751975832061989,2020-12-19,0.0
2020-12-13,1.659000009608068,1.7861395549450405,2.136949143879256,2.3097096865711872,2.8037393968424418,1.9562226264754168,2020-12-20,0.0
2020-12-14,1.8395357147003384,1.6463325455312157,2.056022999461894,2.341293256896752,1.942294990260864,3.8175742407551,2020-12-21,0.0
2020-12-15,1.4933690584872663,2.020478563942535,2.054429931976357,2.249536703136558,2.3385323980869765,1.85828687491902,2020-12-22,0.0
2020-12-16,2.236278116516268,2.755221483151168,1.7225270864993418,1.966098940737296,1.286066254939362,2.2118958120034,2020-12-23,0.0
2020-12-17,1.636985735826519,1.8737022758864064,1.4092719742944353,2.185535230480897,2.136798020764895,2.2290307497345965,2020-12-24,0.0
2020-12-18,1.630453113566556,1.699271051652455,2.162659253560885,2.178200864097706,1.934744593025866,2.3134644808529723,2020-12-25,0.0
2020-12-19,1.2709938301600958,1.9659666668199351,1.7839379115221337,3.3179520047956097,2.1991398933270463,2.4187612936990828,2020-12-26,0.0
2020-12-20,1.664144294714114,2.198478772453536,1.6384433481968212,1.96504414039744,1.72257911904925,2.1893750542626247,2020-12-27,0.0
2020-12-21,1.1373567396743969,3.0590782182511496,2.0080196254731866,2.2567327798602133,1.697781612065104,2.3177486792413653,2020-12-28,0.0
2020-12-22,1.0528449552383594,2.01779975816467,1.6514742649896936,1.6703845324075806,1.8047542247519104,2.196145717879279,2020-12-29,0.0
2020-12-23,1.364882317516709,1.6799864337837989,1.6212996747823567,2.1773508744106205,1.2580998683977933,2.9002294339446424,2020-12-30,0.0
2020-12-24,1.9834130174541185,2.13088475958226,1.892627994178852,2.557100983970225,1.7781275968159505,1.9851185690519253,2020-12-31,0.0
2020-12-25,1.5791235110186028,2.0867221589889806,1.1173261982254945,2.3117238747188336,1.7801477826668437,2.082733481930421,2021-01-01,0.0
2020-12-26,1.3464889581916522,2.084671816037886,1.7005987044160356,1.9299930945374573,1.84216911318374,2.3364583646320063,2021-01-02,0.0
2020-12-27,1.2746874206477572,2.496004822993997,1.3944608583052125,1.9719166495434688,1.878212641212408,2.1027674611210667,2021-01-03,0.0
2020-12-28,1.8044304253240275,1.7396769619775654,1.2019520640906214,2.5388778319619663,1.052188558691571,2.1706060911886222,2021-01-04,0.0
2020-12-29,1.6649570474694448,2.654235454578104,1.1934791825266875,2.529338985553824,1.8943011569937989,2.261290312199363,2021-01-05,0.0
2020-12-30,1.5828656528007508,2.4955931792392607,1.4655778439674203,2.385797974767278,1.684570367047972,2.261999966841186,2021-01-06,0.0
2020-12-31,1.0760716613355947,2.1393922926285867,1.250556833680638,2.2095321424701737,1.277186251183911,1.9968480525440424,2021-01-07,0.0
2021-01-01,1.3272886606836642,2.303096468928279,1.514895392013059,2.249176145874938,1.6000722552961646,1.580372750390547,2021-01-08,0.0
2021-01-02,1.5095881863240548,2.010999566652171,2.0221097961201013,2.049085297285588,1.8036273667923413,1.9674101370355503,2021-01-09,0.0
2021-01-03,1.7883332820039963,2.054685597027928,1.7719063968997637,2.203453627982868,1.57730037331472,1.823612236426652,2021-01-10,0.0
2021-01-04,1.888750757912556,3.8809021317038335,0.8678048235613558,2.2556219220168368,2.1327699310772004,2.07385514553931,2021-01-11,0.0
2021-01-05,1.906930764591117,2.214344088652173,1.4292265726828548,3.112515616851696,2.065153599286357,2.984181015033492,2021-01-12,0.0
2021-01-06,2.031585380842371,2.1562151731042083,2.408600843646936,2.48595171257087,1.626043751354736,2.266576295467741,2021-01-13,0.0
2021-01-07,2.2190337871366683,2.4884819814325003,1.6320006418659547,2.2831037136039334,1.9758798609288648,2.559348630110663,2021-01-14,0.0
2021-01-08,2.024200180501176,2.844440135416159,1.94608177036371,2.8169051834561016,1.5567993707333012,2.965105760146317,2021-01-15,0.0
2021-01-09,2.543377833650464,2.7754155974598462,1.952981739318008,2.4576238415521527,2.126304476272911,2.6934928637435065,2021-01-16,0.0
2021-01-10,2.18704369979173,2.8120381368954668,2.152848661641146,2.6139919718840745,1.8047351564613203,3.3844697627082647,2021-01-17,0.0
2021-01-11,2.838103919595113,2.843254696856316,2.220505590800136,3.147074699153304,1.4352491242661432,2.966939968674281,2021-01-18,0.0
2021-01-12,3.937865180822018,3.546905742366344,2.2646501434277484,3.097328203553776,3.088736640187015,3.1946927564354826,2021-01-19,0.0
2021-01-13,3.142323760173169,2.9474092664993705,3.0438092870282136,3.03159434759832,2.053688815368724,3.155796290332196,2021-01-20,0.0
2021-01-14,2.6197928590133053,2.989049452024872,2.942612802518273,2.720834012209401,1.790701128595149,2.680534771473786,2021-01-21,0.0
2021-01-15,2.87306924958026,3.1924473688823087,2.8393238088486177,2.6161780682734146,3.097099624266594,3.5304514309837027,2021-01-22,0.0
2021-01-16,3.611923316040667,4.694401137581225,3.7586879751741886,3.6929047873310488,2.5956334986822185,3.1813045252679744,2021-01-23,0.0
2021-01-17,3.833572661279909,3.594171167350033,3.617790514469787,3.660920075967472,3.159128009296388,2.8163285283783512,2021-01-24,0.0
2021-01-18,3.419923221569654,3.294692726455986,2.8758143576747712,3.746391515536597,3.107009282779688,3.1475847817344182,2021-01-25,0.0
2021-01-19,3.5217090576648893,3.4092909219036867,3.197574615055346,3.3648502952627264,3.631871931546332,3.2422359544879606,2021-01-26,0.0
2021-01-20,4.056830511596735,3.2011208086464,4.170642081663064,3.411688285105136,3.729339088347631,3.7468412045434913,2021-01-27,0.0
2021-01-21,3.9048397774301495,3.011660429092021,3.380369481743541,3.6604371906609146,3.3496575812343696,2.767736572844755,2021-01-28,0.0
2021-01-22,4.03947495386469,3.206782232588416,4.006766224452746,3.405283644928839,3.932338385141612,3.462138613007294,2021-01-29,0.0
2021-01-23,3.64412083147712,3.346046649578952,3.947757990438443,2.939952109862883,3.594998630204323,3.69607198677204,2021-01-30,0.0
2021-01-24,3.823938477439733,2.957346885743811,4.05378381753226,3.4286209474805545,3.773094446953941,3.0943531693462,2021-01-31,0.0
2021-01-25,3.367865464043602,3.785301842067936,3.385684681099981,3.36728697118136,3.1664082612333093,2.9463525567394035,2021-02-01,0.0
2021-01-26,3.7644500292206993,3.255954853772053,4.363657199416317,3.507791417732272,3.952952638551491,3.1901333048135374,2021-02-02,0.0
2021-01-27,4.12981875778913,3.68820030800523,4.060118790613728,2.9945837401450035,3.918425066038163,3.4172125225488403,2021-02-03,0.0
2021-01-28,3.698651390517987,3.345621087840977,3.511853456716053,3.315942425840543,3.877018396332163,2.691132001457055,2021-02-04,0.0
2021-01-29,3.8678695493691566,2.980341412808801,4.055478556398528,3.7162926660443056,4.17869577825702,3.754155436958485,2021-02-05,0.0
2021-01-30,3.8066663165060737,3.2051952979373213,3.705856133331308,3.9232691408567706,3.727767799191848,3.482664863846712,2021-02-06,0.0
2021-01-31,4.139323674097435,2.891556161894393,3.4742505866564546,3.454290413060353,4.335232058416816,3.663479246270217,2021-02-07,0.0
2021-02-01,3.975646159458786,3.338099808146548,4.3563095648528725,3.6269627718661375,4.263718980861485,3.464909047563383,2021-02-08,0.0
2021-02-02,4.088295143667367,3.4929705382255665,3.681026500194682,3.5648702518604702,4.258350655742885,3.6435687642700976,2021-02-09,0.0
2021-02-03,4.251748711558396,3.825791948011302,4.379330475255875,3.88849062464136,4.527278781684844,3.71033043944426,2021-02-10,0.0
2021-02-04,4.513379856073513,3.9869073756556825,4.181969722352106,3.641990784918029,4.442243433188748,4.110132687577928,2021-02-11,0.0
2021-02-05,4.781084833038589,2.87940494309089,5.213707795632452,4.068789896386936,4.662597841934959,4.252834763600732,2021-02-12,0.0
2021-02-06,5.302402358281805,5.362023090080791,5.154290910837473,4.1172067393268135,5.666888460173794,3.655671546500453,2021-02-13,0.0
2021-02-07,5.199288342119468,4.014688937143376,5.8299765401872685,3.9463153389195647,5.264161522401578,4.056101532305115,2021-02-14,0.0
2021-02-08,6.348971969371757,5.380728526039711,5.7075718776658455,4.752812733630455,5.694030326945226,3.968558500316659,2021-02-15,0.0
2021-02-09,6.809565148578023,4.35427976453897,6.898412636336905,4.801147106456719,5.9401252671448,4.41566913407848,2021-02-16,0.0
2021-02-10,7.532774219775757,5.05071209832324,6.97842352613961,5.13116886564901,7.548358707152451,3.747408068792561,2021-02-17,0.0
2021-02-11,8.717400115537712,4.602531799769649,7.849969358610153,5.779075433281075,6.452952055475004,5.542350525880587,2021-02-18,0.0
2021-02-12,9.18658331729636,5.606459473262147,8.526256370897105,6.871342175518105,7.9992907401495055,6.506461768174652,2021-02-19,0.0
2021-02-13,9.726422448059854,5.788524360870351,10.035280818432506,4.98953123392721,7.717947168870324,4.213000330880842,2021-02-20,0.0
2021-02-14,9.738837273830006,6.390004985869503,9.641352922141984,5.037768552735317,9.925590673038435,6.063815290190776,2021-02-21,0.0
2021-02-15,9.016675172009151,8.303000088155287,12.079757985287724,6.755080893949389,9.66170764964158,5.804463215177781,2021-02-22,0.0
2021-02-16,11.857143794018594,7.821482387878054,10.65423622154654,7.43273699707361,10.476958094733032,6.014629154409105,2021-02-23,0.0
2021-02-17,11.337722922700948,6.884047794125512,9.539095351353462,7.114022344740593,10.073634226470473,6.353460159061102,2021-02-24,0.0
2021-02-18,11.155684337173929,7.00430043542252,11.792558982011936,7.323043345860192,11.244762072628117,5.841974376148112,2021-02-25,0.0
2021-02-19,12.92817032492673,7.400411233895548,10.907124122778235,5.830337940128684,11.568335586815971,6.595959035732235,2021-02-26,0.0
2021-02-20,12.022723117502432,7.701721387551911,12.328595507391912,6.434896057193442,12.016554624991816,5.975607344972611,2021-02-27,0.0
2021-02-21,13.945330152896302,8.27772792733646,12.869110308940009,5.814334767101699,13.363245122905775,7.656534868584088,2021-02-28,0.0
2021-02-22,13.718843333896247,10.113441905449546,13.603292807355324,8.34682879683072,12.649496888826132,9.381711961383566,2021-03-01,0.0
2021-02-23,16.469314249220258,8.08649048571148,14.868879416767712,9.625150150371146,13.566818027994698,9.487600029320618,2021-03-02,0.0
2021-02-24,17.34684961008159,7.190235948087166,17.007992385943435,8.833681203075079,14.831067979896108,10.002141302412792,2021-03-03,0.0
2021-02-25,15.803648966202385,12.01069190410272,18.579487418113644,10.640340569258717,16.589166463495467,9.144547181118968,2021-03-04,0.0
2021-02-26,21.17824031925924,14.479808051190105,18.39957823961374,11.361678314465866,13.666966334235283,9.642504044885277,2021-03-05,0.0
2021-02-27,17.430066406357167,10.53973947657141,19.62759552450849,16.035382130110804,16.908145680721784,8.202690742752466,2021-03-06,0.0
2021-02-28,17.74001522975251,12.144180952203556,18.011765887858488,9.878242192719403,18.785081199149044,9.44551611002487,2021-03-07,0.0
2021-03-01,16.981343668239212,13.014643649863835,18.69686261403451,11.43573781649452,15.745754686002009,9.469257635444174,2021-03-08,0.0
2021-03-02,20.134701977379983,11.335259502037289,18.167962734623927,13.832680304384164,17.263363392125544,9.289168010822868,2021-03-09,0.0
2021-03-03,17.881817529058097,12.44137646592148,20.05065023331693,8.751860393460506,16.269000042778718,10.521784654619394,2021-03-10,0.0
2021-03-04,19.700156267906173,11.653467900272528,17.016730087749725,12.829412640019385,16.877923918515734,10.9045785562932,2021-03-11,0.0
2021-03-05,18.431855551352093,13.485413093684846,17.844252027138868,13.331844102138518,15.176436217277692,12.142867791623985,2021-03-12,0.0
2021-03-06,16.01746063656428,13.57300975297391,17.733017875662927,11.592498189628213,15.49306967987184,11.236766075853485,2021-03-13,0.0
2021-03-07,18.174873526992425,16.008016384956253,18.355804907580275,10.245235325624952,16.852239631836827,12.342275327164913,2021-03-14,0.0
2021-03-08,15.971912540465045,13.399807348168,14.922703913191889,16.295839657215463,14.710658878507164,11.017575322447332,2021-03-15,0.0
2021-03-09,17.29027529523205,10.700259395673708,16.006789207665026,13.94702104596659,15.457879698415017,10.125902072137071,2021-03-16,0.0
2021-03-10,15.640593911256463,11.160906087133542,16.784213032823647,15.214156552595892,15.981610695136109,14.40553625171446,2021-03-17,0.0
2021-03-11,15.470936203883785,13.741318320115395,16.135810379178103,15.491279198270892,14.689381205247004,14.044424765421402,2021-03-18,0.0
2021-03-12,15.836451941264208,12.344282564901746,15.180187431843123,12.746120482256943,15.3028403033643,14.253794315259382,2021-03-19,0.0
2021-03-13,15.294596464037882,14.519561061415788,15.228567323914683,15.923960758498987,16.13310823747737,16.942634267885627,2021-03-20,0.0
2021-03-14,15.37807776841764,14.239567608596856,17.427729915105363,11.69019838941052,15.099995529430744,10.86821085230953,2021-03-21,0.0
2021-03-15,14.726795462966056,12.491478276743674,14.749974659013509,15.466953049567236,13.601187285583638,13.622749295388925,2021-03-22,0.0
2021-03-16,15.768349682912431,16.173321023885666,16.17486584251567,14.429444466141325,15.792189738567588,16.106675129610867,2021-03-23,0.0
2021-03-17,20.24337619795953,17.683010689237776,17.247115355457872,16.082888283329083,17.981808235781905,18.065916568092494,2021-03-24,0.0
2021-03-18,14.691645233730142,15.82247952653858,15.832317779703706,15.77089786169473,16.19034126643445,11.34550778320725,2021-03-25,0.0
2021-03-19,16.36733886149987,14.018789788698452,16.231811213421956,14.34756027676625,15.415808720897433,14.474496945213076,2021-03-26,0.0
2021-03-20,14.283848227632928,15.018761708699529,14.262620830978856,14.642206882560371,15.7852106854858,16.33792318535381,2021-03-27,0.0
2021-03-21,16.306364379183705,15.458956346689428,15.484674701815443,15.645427043189873,16.312593711708566,17.167209360764186,2021-03-28,0.0
2021-03-22,15.136267423178214,15.112038486505586,15.0122008299927,15.439446223360465,17.474463579993017,16.09551941072696,2021-03-29,0.0
2021-03-23,14.926551747755733,12.660972928898552,13.872692923560487,13.268779757564053,18.383790063118568,16.93269343659956,2021-03-30,0.0
2021-03-24,14.428718237922508,13.1655608816818,16.629723555839817,7.062592862268975,15.776965872804588,16.14138080543018,2021-03-31,0.0
2021-03-25,15.39472153864462,14.498987616511332,14.802864179047855,14.601480864897054,14.928568856502602,15.720098785834812,2021-04-01,0.0
2021-03-26,14.371166223918554,13.352601620016808,15.263635894535202,15.415943495809492,13.997630483368694,17.414858104097792,2021-04-02,0.0
2021-03-27,12.944856175634284,13.63735920554425,16.195218282416796,14.80630301382568,14.42777497890004,15.77491875261482,2021-04-03,0.0
2021-03-28,14.290627067933915,12.768035343160264,14.687400045358173,16.217803412730458,15.909418881454425,12.416237015390642,2021-04-04,0.0
2021-03-29,15.045904363441847,15.930446932775473,14.96311229081673,14.300981939571969,15.6624154046516,16.746452529910904,2021-04-05,0.0
2021-03-30,16.199035024481706,16.11458543519786,16.089270425091414,14.888538845308872,15.827202705472274,14.171261519412228,2021-04-06,0.0
2021-03-31,16.7638826913379,15.607094643644228,17.406333229966094,15.00963345189164,16.83083972072663,18.424482318638244,2021-04-07,0.0
2021-04-01,15.01116303676912,16.571437513924757,16.80897908580734,14.03204595337834,18.06957938683886,15.042062878686211,2021-04-08,0.0
2021-04-02,20.08868747093495,14.57172083411546,17.757291299188804,14.735512656371696,19.933841165996,15.357280614764631,2021-04-09,0.0
2021-04-03,17.977465851087445,17.75404963162468,17.059108743762014,15.11085138528237,19.53387878561316,16.319094181703612,2021-04-10,0.0
2021-04-04,21.10566591414347,19.776500095159456,17.171547844095013,13.3179485823045,19.45839529138848,14.375428331096714,2021-04-11,0.0
2021-04-05,19.811456412089928,19.63983706250568,17.06065756567348,17.968884527764477,20.969461121930458,19.860610425081475,2021-04-12,0.0
2021-04-06,19.863832862452792,21.640533748052285,17.987990241565065,18.86346849562827,20.021719216514768,16.36897009321029,2021-04-13,0.0
2021-04-07,22.68914815810305,19.291689744149902,22.746220359565736,21.314422331190112,24.3016385193924,18.755084661569228,2021-04-14,0.0
2021-04-08,27.32561152223772,23.048680066062,25.38302584968779,20.69735742280332,26.48076213240023,15.851936442901394,2021-04-15,0.0
2021-04-09,26.35164544497457,19.240228573505377,22.880842352365505,23.63169702350193,26.52357257041532,23.97328959749877,2021-04-16,0.0
2021-04-10,30.262216747134328,25.45516326293479,26.244433725642,21.380997088345616,28.09647780588349,22.071357630039305,2021-04-17,0.0
2021-04-11,31.16254582367562,25.4989217369862,33.1259196183078,22.16810678954667,26.519507316959697,21.663152670281573,2021-04-18,0.0
2021-04-12,34.32034953940515,21.78207973970549,27.74819943594528,24.21510812130467,25.01273067323961,22.88208702015904,2021-04-19,0.0
2021-04-13,33.39181504599516,28.80026361558125,27.386401451428515,24.182127513009213,26.4528532255617,23.905003761700712,2021-04-20,0.0
2021-04-14,36.3691242728582,29.27683052823391,31.49917855877508,27.06019409317324,27.12712851184967,26.132852193654312,2021-04-21,0.0
2021-04-15,34.115859537371904,31.362286055683345,29.0599852079974,29.366576927532314,34.90495381396425,23.36813374825173,2021-04-22,0.0
2021-04-16,35.99850736204245,28.195558120400023,32.63315203899758,27.27659595170225,33.093260784266135,24.90059290879635,2021-04-23,0.0
2021-04-17,30.816755700928745,31.05923498810592,30.11021094790114,21.695835291905617,35.10234235825353,24.316099856727583,2021-04-24,0.0
2021-04-18,29.533874226325,34.36218413405223,32.75237973871562,29.35696693123226,32.236879124929665,26.6755880961094,2021-04-25,0.0
2021-04-19,31.96066029466271,28.744071865339325,34.19700455498992,29.73461212669001,30.28027533644631,28.280932258255145,2021-04-26,0.0
2021-04-20,34.166153069087535,28.14179438142821,34.75325562659292,32.77585767230989,30.69213765943605,28.49671961072472,2021-04-27,0.0
2021-04-21,34.56685347747098,34.123597011967185,35.744321422803246,31.64174171135205,37.03954899642447,28.34758253437317,2021-04-28,0.0
2021-04-22,36.97627114012253,36.099917613903365,40.30541787078639,34.790910025382914,36.2151131543076,33.29327594165664,2021-04-29,0.0
2021-04-23,46.50624638013184,33.50475934430844,38.35635042011073,34.02407996325867,36.72835185865232,30.085796589609444,2021-04-30,0.0
2021-04-24,41.336882483881375,39.17625825734682,43.82508127654253,33.86180495148885,39.927613246032834,35.15658895815161,2021-05-01,0.0
2021-04-25,42.76197264890158,30.153267075189337,49.11013202330546,11.685983429039332,43.271043695114415,37.2974448879298,2021-05-02,0.0
2021-04-26,55.865363791475616,40.84686625676228,51.21835811699688,39.90445755780336,47.87527935167823,29.80561964150429,2021-05-03,0.0
2021-04-27,55.70791073089693,42.073600516404994,50.57598151690412,41.696440366887686,51.31674150087961,40.07798349475902,2021-05-04,0.0
2021-04-28,51.56792518666942,48.32550025018613,56.37028274665739,42.32324973967529,56.06512673736127,39.42501649291191,2021-05-05,0.0
2021-04-29,51.93666006751655,42.999860440392354,60.71622471332577,43.779100700485,53.82919169627184,40.282477852132665,2021-05-06,0.0
2021-04-30,61.21859339513868,43.15077094675523,66.52071004171675,45.852348297688735,54.811059953858575,42.0828500899885,2021-05-07,0.0
2021-05-01,55.99085093526114,44.935412251392265,59.84764607698282,48.08905313005226,54.29372032764666,44.56990239209711,2021-05-08,0.0
2021-05-02,60.19343644019511,55.62455012663845,62.47747943945336,50.12578417860895,55.87164924618189,42.994978048174914,2021-05-09,0.0
2021-05-03,61.46292532863999,45.4105812712376,57.19564572562939,50.414036443944426,60.194718374596434,44.883324406950834,2021-05-10,0.0
2021-05-04,63.8741344734632,64.98026260069392,56.55598332260181,49.97784208505762,67.95532744812115,44.34366581404857,2021-05-11,0.0
2021-05-05,60.2854356953229,66.78028867751983,61.512843738968,48.88140955638702,54.98862131537223,49.46201526057269,2021-05-12,0.0
2021-05-06,52.3164025937129,51.11688374715791,61.90918934319185,50.62943175131209,52.1951137793947,49.218421967017946,2021-05-13,0.0
2021-05-07,53.62278120623009,55.90163403207675,59.601846466788096,3.5525075221439018,57.90159496360487,49.19914253539838,2021-05-14,0.0
2021-05-08,58.90854630936327,54.34931808659282,57.22552217614147,58.51081061700116,63.313673362532455,51.20571221099979,2021-05-15,0.0
2021-05-09,57.39721464701168,56.09868576559087,58.33733005494175,61.78551713519423,53.187404021812895,57.53616296943224,2021-05-16,0.0
2021-05-10,49.34238664156894,65.18744243378197,56.66150525861259,55.358570549343845,54.64900813565211,48.1956599002883,2021-05-17,0.0
2021-05-11,55.016087391967375,12.78375771826615,54.84470731377946,66.47027156947048,54.60485130269388,45.49380639418564,2021-05-18,0.0
2021-05-12,48.64001819623512,65.8268947592768,54.79921435925507,53.13189475498027,56.28535178425717,54.80539118052215,2021-05-19,0.0
2021-05-13,54.37710684309347,41.80245458501987,54.41515208435707,54.45588717446076,54.56306966019382,59.84374001205608,2021-05-20,0.0
2021-05-14,56.477341714790086,57.55303820018828,62.40982824259086,64.94229061396464,49.81885583593538,64.83180573250213,2021-05-21,0.0
2021-05-15,51.43444793301165,48.2220290205268,60.13610679769146,56.66685799952357,52.42718816006733,57.87075778964349,2021-05-22,0.0
2021-05-16,53.29211981408744,58.49904594159907,47.63923885074215,63.55432219719233,55.52334805266844,64.02211050541655,2021-05-23,0.0
2021-05-17,47.71623312228736,48.22535316653022,56.35922797732113,56.08752755150924,55.29566080714441,59.81204619862596,2021-05-24,0.0
2021-05-18,54.11695974227537,49.69309366297526,56.88498290410951,51.99886413104549,60.984657688727786,60.47855428081248,2021-05-25,0.0
2021-05-19,49.76195105821443,47.74995746361552,49.13997465949944,49.4507910219297,54.04640039703462,54.94643290503698,2021-05-26,0.0
2021-05-20,50.52184657167727,44.03100222724893,59.41595054169287,51.08608256814834,54.90958026267635,58.82511877102663,2021-05-27,0.0
2021-05-21,48.52026154072078,53.49574908233197,48.121561907809706,56.27833429598619,50.918321059445226,63.445393237476026,2021-05-28,0.0
2021-05-22,46.034466838290086,39.66401976205438,45.4033104730985,44.251154020666895,48.31687676372119,49.559707881689405,2021-05-29,0.0
2021-05-23,50.15067522455792,31.14380389966681,41.54387735335692,49.80739762703269,42.543571919777314,50.66235708067974,2021-05-30,0.0
2021-05-24,42.21042263654422,30.971225202199115,44.40354409387045,36.31320444770174,40.07909746017022,66.83053095535826,2021-05-31,0.0
2021-05-25,37.57204263531294,41.635865555654405,42.29788821864637,51.444600834193,47.64369158428046,52.86437066539641,2021-06-01,0.0
2021-05-26,37.07919350996176,34.586972180630795,42.076108362055066,39.70586024424777,39.52487387248266,52.162350582074176,2021-06-02,0.0
2021-05-27,37.93933813188068,31.020574415006216,33.88445943977814,41.32922350057055,39.65474344823264,45.03745239235382,2021-06-03,0.0
2021-05-28,41.37979017411602,36.77736244801883,47.20921443374844,33.775621895164086,40.883779105876826,50.267045320903,2021-06-04,0.0
2021-05-29,45.33257986280504,30.998611719248743,31.237674239024223,44.6761209265454,31.16347371381724,58.46924487492454,2021-06-05,0.0
2021-05-30,34.484156909588265,27.600984941024983,25.73880711198398,41.49960659794482,40.44280830688185,46.83963614546052,2021-06-06,0.0
2021-05-31,25.71889645726498,31.1919171280034,23.38287502810727,37.96960983220994,27.873555650343647,37.39761471057528,2021-06-07,0.0
2021-06-01,34.75839883816493,21.45673807369177,30.874332972298088,31.508916601922014,22.213229094962173,43.47443568552027,2021-06-08,0.0
2021-06-02,29.09215640569744,37.666178617298186,30.36849467606315,35.475153672268306,25.440439320059493,37.93309268839525,2021-06-09,0.0
2021-06-03,33.609969680715224,35.33141861921911,28.98031472063777,51.87955928169819,20.64873790971172,39.69863464144299,2021-06-10,0.0
2021-06-04,34.35207093043744,33.42770085209801,26.636154958024253,33.73182211149162,28.68809920933103,34.34206099248853,2021-06-11,0.0
2021-06-05,30.79779225456172,35.36552879433928,28.036875202834853,33.75115943167952,35.15428522838701,51.264510749216406,2021-06-12,0.0
2021-06-06,41.65270147120599,38.091156580693664,32.42311309561567,31.33624830697832,25.362414834506342,32.53400796004922,2021-06-13,0.0
2021-06-07,37.982541301335935,34.96282181787417,30.37320003694127,45.8467914404414,26.74693802301536,41.29126103756423,2021-06-14,0.0
2021-06-08,32.141241482635984,32.93627912103133,33.47884552094273,33.22538132582114,36.66955099777481,36.13432260532955,2021-06-15,0.0
2021-06-09,38.6779342893714,34.43834092594033,36.23343459264441,31.204449991386,33.575791408541015,32.80081694153076,2021-06-16,0.0
2021-06-10,44.21429272110805,35.06440220858123,40.47587404094613,35.01971917328069,35.91609400428537,38.90654555590047,2021-06-17,0.0
2021-06-11,39.147979341480834,46.33035997522724,35.72621058635857,31.654549776896246,36.46115196261066,34.235127431332835,2021-06-18,0.0
2021-06-12,39.07035518784931,35.010175615747585,25.833682066134408,30.15313861665862,38.28889158620907,35.7325750190814,2021-06-19,0.0
2021-06-13,42.69296097185019,42.08656153820412,30.164454975254426,36.42070394326476,32.862204700188535,32.30880282511628,2021-06-20,0.0
2021-06-14,30.34033706308544,33.7373433257875,36.81125055304177,35.35979185961362,33.595119485848265,34.9270608414562,2021-06-21,0.0
2021-06-15,44.2763702982546,40.44306785938594,32.30726172628251,35.97827914968278,39.57453650618586,38.591673533705496,2021-06-22,0.0
2021-06-16,33.878052130282946,36.378867648514216,32.89914404938013,42.80493992965975,35.46493010538173,40.18972049798724,2021-06-23,0.0
2021-06-17,43.79688369312354,30.459602575286148,40.59030096559384,37.60423363623494,39.55418793429201,39.62629070914247,2021-06-24,0.0
2021-06-18,34.57349967237702,30.730510419862448,40.684009709304185,38.186567827109336,35.84237548476709,37.50575561940735,2021-06-25,0.0
2021-06-19,36.41688374214117,44.35138009484491,36.058680464697694,34.30722361770651,37.60993863243973,39.40540509057705,2021-06-26,0.0
2021-06-20,35.23936163634763,30.520907995816845,37.31885919603561,36.45142616913184,29.64713534792866,32.12651238487851,2021-06-27,0.0
2021-06-21,40.30572226294179,33.680693996808465,32.568895474639525,35.09756874855679,39.75488913319962,41.98131676900696,2021-06-28,0.0
2021-06-22,30.96105853960977,25.42403956043437,37.65821554385219,31.941653005198987,32.47567425661446,35.611289867721275,2021-06-29,0.0
2021-06-23,25.345699009635485,32.010654897665255,33.362056273911506,36.78753793554834,41.80609137428668,36.09284743434327,2021-06-30,0.0
2021-06-24,33.30783467038625,31.493983337799826,32.176468064398314,30.251134258005163,30.26306668559867,36.48647486854761,2021-07-01,0.0
2021-06-25,35.51423228479839,25.3784696101386,29.35943329057215,32.39253566130756,31.543974881332723,32.992427927038975,2021-07-02,0.0
2021-06-26,29.112505759106323,24.813181279592467,35.75545698531837,33.095087784343995,27.662507928231182,33.724112764873354,2021-07-03,0.0
2021-06-27,28.968100458245004,22.39202721721869,34.58880859825375,29.542513250106246,31.63651477146316,33.84654591202936,2021-07-04,0.0
2021-06-28,29.402468406642907,26.21401083270463,28.09843273893553,29.54072281166287,34.70449142968236,32.27886041567795,2021-07-05,0.0
2021-06-29,38.93177980886425,26.2601697297881,32.930153326574015,36.89554366550146,32.58916259686048,41.52650380302441,2021-07-06,0.0
2021-06-30,29.048369006913056,26.57234067781986,34.936695767866695,29.184184006590385,31.733941799274103,29.28094673213398,2021-07-07,0.0
2021-07-01,36.33130437332991,29.73440731818333,31.048379823638697,30.91693741128331,32.78454523867434,27.407248811843544,2021-07-08,0.0
2021-07-02,28.22582541050992,27.8997823943284,27.105235419759182,35.993163944302395,35.08483957223648,31.17239605638319,2021-07-09,0.0
2021-07-03,35.59818551689371,29.416118062092515,34.67730797240102,31.13218433990747,34.23896128112567,32.328761875939534,2021-07-10,0.0
2021-07-04,34.76814260537132,35.27094900176846,30.583894472398352,29.93610889269848,32.76298132160314,28.349831543117546,2021-07-11,0.0
2021-07-05,33.60791973678742,37.40042874775958,35.44306154658017,30.937477157028773,32.98332665231786,29.359372489021,2021-07-12,0.0
2021-07-06,34.49792783191525,31.034421411016645,32.25814446153664,27.58127340490288,31.09813373361447,27.56361698617172,2021-07-13,0.0
2021-07-07,30.9645601659909,32.493525333813785,26.83734372336106,32.03982030043829,33.88518791921956,30.169753729240377,2021-07-14,0.0
2021-07-08,31.49575867459365,28.24636857238237,29.091940775403465,24.594342406845545,35.10935681906081,35.44010153878364,2021-07-15,0.0
2021-07-09,29.869792251915925,27.549772252751577,31.73179038644509,32.524168232614954,29.999608262401555,29.405184222716866,2021-07-16,0.0
2021-07-10,33.32145074835163,34.27557748858432,37.38629422537365,30.55269710695708,31.601721142354428,36.56872967189473,2021-07-17,0.0
2021-07-11,37.32653865806953,28.07158469151015,32.92451420477582,28.507013803659103,33.31862247617001,30.89360767592516,2021-07-18,0.0
2021-07-12,25.8339612493228,27.30429302827376,30.79396528577601,30.64481283596218,30.6402464792677,28.5643119545738,2021-07-19,0.0
2021-07-13,38.34962801376639,26.437875764924712,40.27426179185662,32.84898973992468,33.38575845596503,28.756754238005325,2021-07-20,0.0
2021-07-14,33.37982713654341,28.161719062313185,30.28939969218109,25.91331843305891,27.64773561350757,30.413254986706093,2021-07-21,0.0
2021-07-15,31.200610437991696,25.31448695375076,28.95860443434123,28.891337400920744,30.255684963865168,32.58661469210791,2021-07-22,0.0
2021-07-16,35.69908386372965,25.71460543206944,27.37676847389925,27.68675847835291,25.01699461631485,28.713878595081148,2021-07-23,0.0
2021-07-17,30.323206046472087,24.71421326267598,28.553752708764648,28.63477842354105,35.00563590782816,28.01832229324262,2021-07-24,0.0
2021-07-18,26.933797132022143,21.35861027730329,28.955919436069035,25.85777724468842,27.45320085605807,27.816240019772746,2021-07-25,0.0
2021-07-19,27.89010622898352,21.07902922278895,29.113991196920423,28.781277388682007,27.25555702024083,27.922793792604143,2021-07-26,0.0
2021-07-20,26.330782269415867,21.08978191443936,27.34764377703871,22.6467403602646,24.948451640167686,29.93699477116226,2021-07-27,0.0
2021-07-21,29.6557352971125,31.800463619808585,27.521281337633443,26.468950959644022,25.42238955963976,26.46754131797353,2021-07-28,0.0
2021-07-22,23.673324566195863,22.15877257507808,29.076069986867097,24.75184106377695,26.66322796958387,27.6273978513869,2021-07-29,0.0
2021-07-23,25.572210971108063,27.85308108034377,29.915883286364167,32.33341704617575,26.89596585522344,27.89715201613885,2021-07-30,0.0
2021-07-24,27.25638577214485,24.09361405319641,27.948396373444048,24.210133507759288,27.999883891385387,25.20596532679605,2021-07-31,0.0
2021-07-25,26.510436461887902,26.61060772786204,28.04522048929251,22.94686358793884,26.91706282946192,27.93844494693128,2021-08-01,0.0
2021-07-26,29.086884291199983,23.5237716976201,24.82398645756236,23.35948561191269,25.34179479704856,26.590324920077908,2021-08-02,0.0
2021-07-27,29.298702316810843,20.680655145045105,22.834814885030863,27.205904691520715,28.60252753915848,23.84854325017044,2021-08-03,0.0
2021-07-28,26.220842534572693,21.660777174874,27.94055847950608,27.79863306835562,26.23039242078088,24.93084774060377,2021-08-04,0.0
2021-07-29,28.833539450440338,27.029551482572323,32.048975080669024,25.095078042205337,28.56253657481125,26.859126251858434,2021-08-05,0.0
2021-07-30,30.897305305525805,22.967478829347428,26.843994064693643,22.75930604538378,29.87645859068128,26.909283566604195,2021-08-06,0.0
2021-07-31,28.88941866611981,25.408837125341787,30.329548125320304,28.73871539596645,26.695459567621068,26.56127967502069,2021-08-07,0.0
2021-08-01,30.728422141374377,29.75939700285322,27.48429755081076,28.55632003091516,31.21827626535784,24.349990987932745,2021-08-08,0.0
2021-08-02,28.62496048761873,32.5824370676593,24.060992016224304,25.50205600189889,32.58904806490876,26.724732559502264,2021-08-09,0.0
2021-08-03,32.63846616617246,33.192824989091484,29.56069663645509,28.769730766595863,29.2172231139119,29.77837450871193,2021-08-10,0.0
2021-08-04,35.97800394658086,29.6371549840836,28.2782421883552,27.69628748137637,26.8570339659861,31.055623302251497,2021-08-11,0.0
2021-08-05,36.50258895729422,28.98884897294269,28.90539579580373,28.5393272042598,26.910102830634383,33.565807113345954,2021-08-12,0.0
2021-08-06,40.682422676577794,31.33413552813704,30.83713002076289,30.14330346408505,29.873087404814072,33.9048726528317,2021-08-13,0.0
2021-08-07,33.60495158574903,29.5732884740862,33.02032658294945,29.603830036584394,34.61551912354697,35.454263768869936,2021-08-14,0.0
2021-08-08,35.78238931721162,33.39787955099628,36.71637129237356,30.81877837604117,30.73608833014778,32.78957939351888,2021-08-15,0.0
2021-08-09,35.467257011217384,31.187240221747807,27.023075439329407,28.93067854649485,34.780063902091165,33.3986950749328,2021-08-16,0.0
2021-08-10,33.349283732771454,39.46450918632053,29.513446693825816,33.10248980592773,30.600150115173083,29.858727867339283,2021-08-17,0.0
2021-08-11,38.3690601792013,35.173812097671515,38.39823011026914,32.79127818078204,31.583650625388792,32.088934229130565,2021-08-18,0.0
2021-08-12,34.27662637375589,35.994893617234474,40.2148301831732,32.72281990685676,34.969123521211735,33.488126413216065,2021-08-19,0.0
2021-08-13,36.47129329065801,41.20321289374044,38.06825955861498,36.61306972972579,43.13323497397908,32.331791510149195,2021-08-20,0.0
2021-08-14,47.96858187911798,36.45282876385493,37.15170002116075,34.72581237088526,35.9316695803072,35.13433086385709,2021-08-21,0.0
2021-08-15,39.82206007264046,39.7431579464928,44.35202974985121,39.53869590805151,29.3564226603704,39.3477976321736,2021-08-22,0.0
2021-08-16,40.92794068021753,43.13827192015101,39.44282074077937,44.11335607636509,30.04319716438401,44.025273765304014,2021-08-23,0.0
2021-08-17,50.77681159911612,49.8957433121803,50.49827172196479,49.211198021844815,42.721242220633705,37.88819349934753,2021-08-24,0.0
2021-08-18,55.55390271842679,53.6719460356676,67.63422131525422,41.18984687675518,42.149375244015566,44.28273190865075,2021-08-25,0.0
2021-08-19,56.11987716447453,47.25674397888156,56.7860575415612,53.62392540961814,49.47365905682944,45.53596513188195,2021-08-26,0.0
2021-08-20,60.77581271539586,63.23563718977535,61.88476547744395,61.06024931803191,47.58930947078192,55.90471917105964,2021-08-27,0.0
2021-08-21,54.109202426284575,66.73523665906391,64.1645424512749,50.60467296544631,54.314749728444525,56.38669363601251,2021-08-28,0.0
2021-08-22,64.07648635797061,60.35116959817355,50.00664105230209,58.35376350339064,55.77615427370564,58.30762843470762,2021-08-29,0.0
2021-08-23,68.7256296359645,69.56574378672435,65.48666619657978,53.34260139548351,54.1139702509118,52.46123821027132,2021-08-30,0.0
2021-08-24,87.9291782638558,63.339683101020135,61.055796184739314,57.34159348823232,50.94104811481952,55.31582416633643,2021-08-31,0.0
2021-08-25,58.43990448411337,63.60760458557012,65.63926831182555,64.2744810740073,66.66406786190376,56.02908182973482,2021-09-01,0.0
2021-08-26,72.98568087404861,58.87643223452557,79.22761686670026,68.3070128999993,79.40575040612602,66.58537461103228,2021-09-02,0.0
2021-08-27,66.97891521090257,77.62677839941466,100.09686735991365,72.59011608617114,75.72729187660916,62.78478183929402,2021-09-03,0.0
2021-08-28,85.32459379364118,70.85119465275943,107.1582480814531,86.05471629091477,100.62532382633287,67.59215386435628,2021-09-04,0.0
2021-08-29,95.29789896328712,81.07025409828364,118.04279552601564,88.8961464609058,78.952331295787,72.47485978833232,2021-09-05,0.0
2021-08-30,120.5337916054045,91.04096305743371,102.64518242780152,89.61444084774638,107.61599940421156,73.45494977475121,2021-09-06,0.0
2021-08-31,112.521195477098,88.3321542295641,148.9523821428723,84.39815066500131,124.99890275616404,77.70051967305965,2021-09-07,0.0
2021-09-01,131.2103386006195,100.39285538014737,134.7115583415668,77.4378063365505,127.90495690736536,65.7347152039892,2021-09-08,0.0
2021-09-02,139.22374429504544,132.34978450264148,149.775766187604,98.80303088240018,123.06464442444104,81.15569642258309,2021-09-09,0.0
2021-09-03,189.486286347618,110.05662543763096,171.52081508966506,103.60137467950392,151.6935129504813,84.71781011499044,2021-09-10,0.0
2021-09-04,165.661837084057,109.01908636337916,192.15394459850668,108.00963259618624,189.369712207405,96.02801812671372,2021-09-11,0.0
2021-09-05,214.5417057226977,137.05155541287417,195.8081914525129,117.60757963882544,150.01126872150004,104.14856804624571,2021-09-12,0.0
2021-09-06,167.72550691161686,138.36543811443065,218.3073005837296,142.80231477233986,185.6732345220248,108.81386389056078,2021-09-13,0.0
2021-09-07,262.4897975962701,139.4961555979849,254.0727317589737,134.68224315485537,221.4191912900065,123.95109703885494,2021-09-14,0.0
2021-09-08,265.90190278714294,202.4653100773549,233.6020173747178,146.48406286505983,267.1213783130976,114.79137827039554,2021-09-15,0.0
2021-09-09,282.11180456661737,198.7256667307909,305.5060405056488,163.16416937770867,326.1351085032891,120.80814510790589,2021-09-16,0.0
2021-09-10,310.70726865633225,165.62325966366257,322.5197789162784,183.92819071671468,264.5339683796095,129.40227598260114,2021-09-17,0.0
2021-09-11,328.0089280783015,177.09722919096484,264.803072614502,183.6590595744456,211.34331216696023,154.08557002801015,2021-09-18,0.0
2021-09-12,299.3950708820216,200.4714091045192,303.2180410231909,163.49938745795694,292.3182671606248,171.3538039223286,2021-09-19,0.0
2021-09-13,306.0256175367037,217.31579348238213,257.3286553804747,157.07682685502022,257.67457139645313,169.43676181244882,2021-09-20,0.0
2021-09-14,281.811909651757,170.672542836671,267.36303283902055,196.74406966219527,234.397660132579,152.69148554559948,2021-09-21,0.0
2021-09-15,242.5107999901931,189.1549937472654,255.97191061043443,178.59752476498963,269.9299497258276,150.63301532098782,2021-09-22,0.0
2021-09-16,301.4794484381356,184.8368712428438,227.19708441216807,196.84829233713813,259.0197350627488,169.72234722341847,2021-09-23,0.0
2021-09-17,197.0709526809625,147.53369675615204,309.2711251282932,186.23151512768567,195.79195888654152,167.6364909073501,2021-09-24,0.0
2021-09-18,208.6857441938873,186.90552804044603,239.8602806806277,171.45171076630075,214.5867906646015,203.03940437307088,2021-09-25,0.0
2021-09-19,203.4800221860918,172.15118459789363,247.2865958969404,179.2168272748423,160.1513794268622,177.04052872518588,2021-09-26,0.0
2021-09-20,171.52149350100515,111.66820861065216,197.7568846424988,208.53624758779856,212.422440955952,185.8782467323664,2021-09-27,0.0
2021-09-21,123.61302797996817,148.64789220762145,192.3425238888964,196.8148306491932,198.86023529100208,189.43687117959084,2021-09-28,0.0
2021-09-22,154.43955811855528,115.04157516766853,164.49980175791424,155.03370690592433,150.0889379392958,181.54394583496648,2021-09-29,0.0
2021-09-23,154.30449970442632,110.27373737614234,137.39983692857018,133.24461628606497,185.66234067704912,154.76116636367277,2021-09-30,0.0
2021-09-24,80.80777805529947,130.95761420509405,154.61646503322666,187.145713589658,180.2429436800723,174.14845433031763,2021-10-01,0.0
2021-09-25,147.5142119630048,165.38500022529786,125.31332701922946,174.8159006759483,181.30431883023337,202.98621115618576,2021-10-02,0.0
2021-09-26,135.4325825227857,90.40462244047929,117.85210193455332,135.80899110073267,133.9581709030792,222.74921207099888,2021-10-03,0.0
2021-09-27,167.3638362442599,125.702705928922,150.04424555079396,159.07404405070636,97.23406447007945,153.142707859218,2021-10-04,0.0
2021-09-28,140.1552540381318,119.4388646858842,92.83615805631146,143.33043644545015,145.77580853642897,162.36289611451903,2021-10-05,0.0
2021-09-29,232.88800528174207,109.51717495904036,94.90918047792236,157.43657972841265,113.359028428888,139.74565200104374,2021-10-06,0.0
2021-09-30,126.7511520230385,129.026463598847,116.15322487861128,101.76421595467984,112.06653711803436,126.29667844576824,2021-10-07,0.0
2021-10-01,140.886949510213,123.04468254060846,148.483817957174,153.58150861674662,122.11535398422866,138.70120762240444,2021-10-08,0.0
2021-10-02,102.51744696117362,148.73668000158958,110.03173659710671,152.71059516950476,124.72344312518814,182.4527792788826,2021-10-09,0.0
2021-10-03,181.48596756577749,111.4128276468886,115.1696741935732,179.6580324267443,118.32566309084284,171.1297944228326,2021-10-10,0.0
2021-10-04,188.95781901292963,93.5572015363468,141.97769927277184,153.23549558265466,180.7381434099132,155.2103699234307,2021-10-11,0.0
2021-10-05,172.7647071755291,139.56237424738595,139.66377315473113,142.1912100533794,144.6778960364917,146.4194732167579,2021-10-12,0.0
2021-10-06,178.07048368107368,111.17192511982914,166.99321638335465,142.89485534971146,152.326575678373,166.11198844311286,2021-10-13,0.0
2021-10-07,164.9550019350453,136.6866021384173,144.0338690696814,147.95423104172698,171.8459813461701,138.74853511501033,2021-10-14,0.0
2021-10-08,163.9645285084354,129.16306641938644,156.36660907587788,146.29755027001656,169.18938247759758,183.2902866645524,2021-10-15,0.0
2021-10-09,151.4502660321149,136.5491819365177,165.1740372436679,186.2467802392717,155.7701601903161,162.3794836760664,2021-10-16,0.0
2021-10-10,185.49089427844456,161.7642608317304,155.5812351908787,119.98479198224136,156.14606767855184,165.76866258511967,2021-10-17,0.0
2021-10-11,142.16943423117132,145.79382193763186,151.24642003146332,119.35755966408766,153.83084356706308,147.59084533447722,2021-10-18,0.0
2021-10-12,174.9052511915973,139.67064902537496,167.75599295689355,140.39232456759353,160.38938128530054,151.85264418341254,2021-10-19,0.0
2021-10-13,165.59559502556752,128.0361372611219,157.9407075361886,169.5104739670257,183.5948510333909,176.71736845414503,2021-10-20,0.0
2021-10-14,176.70114411088252,113.71616456144888,154.7201037839267,155.99303280406895,132.86098972117952,142.24341730799745,2021-10-21,0.0
2021-10-15,137.22467074387475,136.5731053707372,135.22031878387384,146.09605015922446,177.34695090816874,117.8784400302846,2021-10-22,0.0
2021-10-16,173.41747464038377,134.856290910685,156.4398073317856,150.20347639572958,149.86279080902625,165.579637025467,2021-10-23,0.0
2021-10-17,143.79034200221574,129.90401427205805,138.1198157939629,152.0763034839975,158.68464784936947,180.4259919134574,2021-10-24,0.0
2021-10-18,181.56438743457483,185.3059136990907,151.2339819766724,131.48973160237128,159.1719058349358,157.60718370603686,2021-10-25,0.0
2021-10-19,194.50306586411787,125.65486293995538,196.61294621992184,129.89428370769798,162.82850694302508,146.72433110420965,2021-10-26,0.0
2021-10-20,153.46850125888818,139.11980824065012,168.2238582789353,140.64170324182786,174.92223223418168,172.88327238699284,2021-10-27,0.0
2021-10-21,167.56854400941836,184.88122757953457,183.2120030698968,154.71777407618538,197.28774964410127,132.28753362876677,2021-10-28,0.0
2021-10-22,178.22793735740444,148.01441232893433,179.16965787710942,152.5437768302434,190.1562367996389,163.24366059690533,2021-10-29,0.0
2021-10-23,153.9017726583525,156.24508182462685,191.2870714522317,156.2933463865347,204.6567317263868,195.0644968553258,2021-10-30,0.0
2021-10-24,212.3817635680905,167.0955838680905,196.16436553972824,172.3630035275886,183.4730639716136,138.55105594734226,2021-10-31,0.0
2021-10-25,175.6462821755524,189.79712844598208,176.88877958991438,174.70532241341135,205.3992606039551,207.30620986527765,2021-11-01,0.0
2021-10-26,206.1412768782755,199.23230404878765,183.92585648031164,164.7026302063085,189.4145238283369,169.6913169860169,2021-11-02,0.0
2021-10-27,195.1853340850935,174.70937970075676,175.38808595003889,186.94691202589428,200.4998176839419,180.7358863621212,2021-11-03,0.0
2021-10-28,230.02624084857908,212.58501734545573,196.3319889472193,195.47997842910576,196.3690414353468,154.88288599762953,2021-11-04,0.0
2021-10-29,257.84183660226256,240.1557687525181,258.8128616848393,191.9703806704597,205.3737845871485,185.66413341369585,2021-11-05,0.0
2021-10-30,210.50328458158216,188.17677055384388,184.87406883398776,213.4095982175708,203.50397517303583,205.1098404593542,2021-11-06,0.0
2021-10-31,223.03015138592383,165.91498217178054,209.76572225278497,198.1318108597773,197.97482761617988,209.0174998699274,2021-11-07,0.0
2021-11-01,202.03493211687496,160.60906182683894,195.0589845998952,191.1976116486405,222.52604045943005,188.9627676167973,2021-11-08,0.0
2021-11-02,199.36623024433737,203.1291078311668,198.0417687911985,195.45047412859148,248.9386328278873,217.81197012926728,2021-11-09,0.0
2021-11-03,236.29528482059925,236.81676717480445,215.1834997768763,218.9918714857544,224.2523963858004,231.182206777778,2021-11-10,0.0
2021-11-04,247.03254139466551,232.5079783928499,206.20028437425955,223.59390396390864,223.788195627672,209.5754123887613,2021-11-11,0.0
2021-11-05,240.35256061229384,224.4176201843213,212.3424953624953,210.5259295774333,238.86340010543995,202.3022116049445,2021-11-12,0.0
2021-11-06,245.87098467210225,251.55619668953216,206.61609481008745,191.5908585927521,268.47018016338205,228.53240839724447,2021-11-13,0.0
2021-11-07,254.53844924832163,241.24089485572267,238.00401621712345,217.3215876883029,258.48315966238783,230.01738813106888,2021-11-14,0.0
2021-11-08,248.8023263963544,243.73232651165483,258.3470203401076,198.6714143100785,238.6929785674936,225.42797018773248,2021-11-15,0.0
2021-11-09,222.59300314124388,238.99808312166664,256.6775340705288,220.75150980233727,271.85519381294205,233.31227581925523,2021-11-16,0.0
2021-11-10,265.9545663407003,230.17951829431195,270.9280977430248,242.84857641983348,211.1070717175491,273.8226010285942,2021-11-17,0.0
2021-11-11,283.7907773862587,272.7597814022524,286.2504856190534,236.25645793243245,215.74586875602432,210.4606192764928,2021-11-18,0.0
2021-11-12,243.88912965024448,266.8663196661518,235.3287294460754,272.8076469986192,276.2068684571893,267.06525412941136,2021-11-19,0.0
2021-11-13,219.9465742777344,231.76164334291343,278.2962882288959,240.61881152234275,293.5226372719644,251.47466414601325,2021-11-20,0.0
2021-11-14,241.7026772629657,267.06686985982253,310.06089169087073,239.06827913684435,258.82966427857804,250.53148524070528,2021-11-21,0.0
2021-11-15,267.91941271632805,210.0522016120441,274.2321054248675,217.61559487155023,298.0892506896665,239.0347150979507,2021-11-22,0.0
2021-11-16,252.06859994423044,207.49703961318227,233.4431287095965,226.60146309322508,283.2065910537912,244.6594112626369,2021-11-23,0.0
2021-11-17,222.20365593138672,174.89205905094948,257.13836792502303,230.4128233759017,272.260691585768,225.62854542873663,2021-11-24,0.0
2021-11-18,258.8563518290469,250.74832399682697,216.76760201735607,226.1939010867152,231.73533435164367,240.03221952080148,2021-11-25,0.0
2021-11-19,218.5051622244656,217.93075376136449,212.5219046579309,250.19927939144608,270.8113071431452,247.58862002430428,2021-11-26,0.0
2021-11-20,265.94942199249783,192.8970621914085,235.09894851298588,261.9857076062828,201.91825234182224,266.00845877837025,2021-11-27,0.0
2021-11-21,239.58026927751808,211.21562146103508,230.4289338018065,240.5876910832785,213.41093739953217,235.8383676427368,2021-11-28,0.0
2021-11-22,205.73815220667697,241.84023585505463,220.6495301058248,221.37348626045625,246.3815957769876,246.9904239147422,2021-11-29,0.0
2021-11-23,222.1111030298933,222.1210135227704,233.5065173052049,241.5175940179513,262.1265870280905,254.1042748992353,2021-11-30,0.0
2021-11-24,193.26539105458687,202.36607294596,221.1780537457741,217.68119974039723,198.99245499314247,244.65057671610927,2021-12-01,0.0
2021-11-25,240.6270014992593,196.06673030555208,237.8154755148616,223.6969176310649,226.39914440745545,243.50072683585668,2021-12-02,0.0
2021-11-26,213.09199379754827,235.87702291098253,219.7455557099913,211.66540014685225,266.1362044365348,223.4032029845318,2021-12-03,0.0
2021-11-27,233.08151495461672,185.0132397271696,272.66332713136546,215.45937636180983,255.456663811804,228.2244299583433,2021-12-04,0.0
2021-11-28,177.4008624114952,188.93486921986727,217.42217042486183,218.7455919616561,188.76324579938063,242.2183402034448,2021-12-05,0.0
2021-11-29,222.57226816040765,203.63734616116773,206.34708107802288,187.8614234773761,192.6140015244759,230.95643109097784,2021-12-06,0.0
2021-11-30,225.4665332342571,223.57883275432445,216.9036989708904,231.272141883872,250.5615429227388,220.27053848528965,2021-12-07,0.0
2021-12-01,194.7452839743856,215.4051717360283,239.5539362907804,234.5214478850189,205.03910612427777,226.3675841563048,2021-12-08,0.0
2021-12-02,188.02523551654173,202.9988519292415,174.7183592238559,224.5749906677788,245.74728463877824,229.9070801100467,2021-12-09,0.0
2021-12-03,205.04242636453364,223.84112291451385,212.4416491474026,188.0325748297663,220.1639960362346,220.829456486848,2021-12-10,0.0
2021-12-04,261.59291669728344,170.74040473684607,226.84639090768027,212.93888346459724,223.3340979855419,206.77900678722568,2021-12-11,0.0
2021-12-05,212.3352846923005,208.14135627737463,231.9193181441601,219.0025379733421,216.1981811477688,228.6831731852764,2021-12-12,0.0
2021-12-06,218.0222339473895,212.06356695241035,203.24490271787133,189.4170816746516,238.6289559627101,216.6988844409763,2021-12-13,0.0
2021-12-07,220.96218732388985,181.59524046909937,213.4966152948008,203.93243467052727,209.5934828256418,212.92094303333093,2021-12-14,0.0
2021-12-08,181.48469049146743,175.60183795588216,200.7870834063077,200.00889085076125,230.4690820908048,205.03310880302143,2021-12-15,0.0
2021-12-09,185.817373564886,177.33561288547634,220.3013636965078,191.55736171641072,233.9560050014044,241.93275108636828,2021-12-16,0.0
2021-12-10,195.013535893448,164.4252039383767,180.22574682322147,217.61316921943413,203.1719302429925,195.94600853451809,2021-12-17,0.0
2021-12-11,173.03111436403623,182.5738863479609,211.5854760950868,175.38097626015576,243.45142296984687,179.9448483321809,2021-12-18,0.0
2021-12-12,170.590093530564,182.13251360497355,178.34519676733697,196.4082264683646,191.31863907231423,186.9571450219429,2021-12-19,0.0
2021-12-13,173.60971121419863,168.2699487250353,193.4303776482563,165.10936168319472,178.39767681025813,183.8720622667239,2021-12-20,0.0
2021-12-14,168.1524026738622,142.77757001570023,162.39299588150004,196.5249038883433,183.85985285120108,178.5612802633395,2021-12-21,0.0
2021-12-15,169.74115592570018,160.1171745798975,179.13681227972418,171.5037329350901,206.62665253985125,196.3077964958604,2021-12-22,0.0
2021-12-16,211.57103529487603,155.7046748218184,154.20872395740935,188.11217196411488,177.871592670687,179.21118405585702,2021-12-23,0.0
2021-12-17,170.00628764690882,145.85336887176183,179.400035185253,172.53426278927662,200.5843625510324,186.32757584548247,2021-12-24,0.0
2021-12-18,179.52861435682348,195.4239413955562,180.58918567660544,169.04476655423483,202.93904063787105,167.10559944678565,2021-12-25,0.0
2021-12-19,187.3401252877615,182.531869022968,150.04573095749163,208.8382201897999,203.50967545179608,197.68975047836247,2021-12-26,0.0
2021-12-20,158.9792732972959,138.50466705827176,181.39927090271632,187.9995855350443,191.14643383367425,185.8822378575203,2021-12-27,0.0
2021-12-21,173.6048282872839,154.41723506088044,208.9398590978732,180.28108820878376,212.79818831499043,162.59005647901196,2021-12-28,0.0
2021-12-22,183.6047885830509,158.7375563707218,177.18968326180075,179.75846985674798,207.3061900076724,184.27123609822533,2021-12-29,0.0
2021-12-23,150.98890475836038,172.2389228159048,180.52000606855125,179.18711125460698,171.9090229068343,157.03830486790278,2021-12-30,0.0
2021-12-24,169.21542476426578,183.8548332425948,190.70575913525465,177.1202829091498,168.11309567973586,190.54969630298947,2021-12-31,0.0
2021-12-25,181.92093791970265,193.65381018771504,207.61031619638777,194.3612838236359,196.0954707801756,175.87075526978472,2022-01-01,0.0
2021-12-26,193.38039963176524,180.2097418717111,182.3492655211103,180.3784321967912,183.4194478641652,187.9966610404705,2022-01-02,0.0
2021-12-27,192.25952312515568,176.37773935328696,166.11873653462814,209.27301897303863,163.1882880382136,188.63480354910715,2022-01-03,0.0
2021-12-28,181.00103055041703,186.93566174986256,187.6702286123667,185.06237516177592,185.9180653398697,182.4089389473021,2022-01-04,0.0
2021-12-29,176.63212125658694,168.85926775423343,189.8358859411468,189.63592990905192,219.74381666172505,170.4993275374842,2022-01-05,0.0
2021-12-30,209.6232032906709,59.18876070463298,169.04623843896113,176.20038141142172,187.2321113707613,187.15080223399417,2022-01-06,0.0
2021-12-31,172.28205825205856,168.8015127999357,164.0663009882535,170.85697063660876,182.82906554665763,160.1460673873109,2022-01-07,0.0
2022-01-01,175.09472472258918,182.49252173917444,171.30355862501662,167.06407549832056,207.96723054944525,156.64286315363165,2022-01-08,0.0
2022-01-02,185.00794384647577,159.26860447651794,160.41399987165804,157.69526035174323,224.97000951740347,179.48476246540227,2022-01-09,0.0
2022-01-03,165.22796684809518,185.8095644350853,169.42194245562231,168.21274589624647,182.2233197017981,181.36003660850287,2022-01-10,0.0
2022-01-04,174.12209614897742,174.07303553442347,183.1592517910619,174.51619938027147,180.61897506256983,193.3368289203528,2022-01-11,0.0
2022-01-05,176.0396274410288,163.22170975898447,154.378144269946,161.80641296510237,169.37774816581447,162.31384557969136,2022-01-12,0.0
2022-01-06,170.46419752742125,158.66162074967778,184.4809399640416,179.0355478183857,158.18145280957995,139.58306989608434,2022-01-13,0.0
2022-01-07,157.8310300490017,149.4717543950675,155.4968822418993,174.41619791859765,158.30338880772635,167.65308925380998,2022-01-14,0.0
2022-01-08,174.6425385140162,152.34606351999565,165.28003303119772,158.72700745886647,171.83097155458674,168.7121488149513,2022-01-15,0.0
2022-01-09,173.43145640530776,139.03057212660588,168.91336853875012,143.09046142822578,151.43466599719508,180.14287592693475,2022-01-16,0.0
2022-01-10,145.28134732071402,142.3415130896249,139.5271240614354,129.71287070047484,142.52318822789084,128.21197605068204,2022-01-17,0.0
2022-01-11,153.74669452334854,127.09858655134629,158.25207314450574,150.7171953738262,153.26435064146852,142.9029250405198,2022-01-18,0.0
2022-01-12,178.57370544041126,144.90284730923997,170.73902018334482,135.7533836583822,155.02283961654155,158.37593421166036,2022-01-19,0.0
2022-01-13,128.09478803812658,128.5762788784163,156.88159163763808,125.2205833409342,155.03879525845156,131.4598352166642,2022-01-20,0.0
2022-01-14,157.48323380856803,151.43249229891106,151.41447765201835,133.00886396399136,130.196185090227,156.92336526573422,2022-01-21,0.0
2022-01-15,142.4188863704963,124.27326251173548,160.37353792254973,142.17547645071983,154.82328146950312,142.7823576123727,2022-01-22,0.0
2022-01-16,158.95653709376916,158.66810929464,174.01316920425768,159.2103126195356,132.43558407794526,160.0367881993176,2022-01-23,0.0
2022-01-17,148.85487405617954,127.85360388993726,159.98219713975104,134.38385932345815,164.19196992377732,128.93765400191833,2022-01-24,0.0
2022-01-18,141.86712010088235,133.90192697708525,141.17220291489696,129.35415697148758,147.74030820546193,138.7469954597066,2022-01-25,0.0
2022-01-19,144.85086111821795,124.9620235807223,150.04675400084335,138.1234983827357,144.07540950803448,141.4229400313647,2022-01-26,0.0
2022-01-20,132.9800852934137,119.8854415339256,128.54118727156958,126.24692517343952,148.0734668529396,128.72806266924297,2022-01-27,0.0
2022-01-21,120.8047601726061,126.88070517732308,128.7761933764504,123.6756032934787,138.6284149565297,122.82447000342933,2022-01-28,0.0
2022-01-22,124.1889587598465,112.81779160948425,155.92062938811992,127.23543072551529,122.36502709993908,127.37430965137338,2022-01-29,0.0
2022-01-23,119.29025882245314,105.57778988520768,150.4437451707784,116.99495121875498,128.9273681747901,135.48617293687843,2022-01-30,0.0
2022-01-24,106.67111822885876,108.49255431881252,125.43894242392872,108.5668907405525,127.391831210262,116.25935137548883,2022-01-31,0.0
2022-01-25,109.80399110901404,102.33951625547854,118.06045805602513,114.89816807204886,124.4729448362212,110.01706728862894,2022-02-01,0.0
2022-01-26,106.51565164718804,91.87682316223837,82.70241432573108,97.94024243523708,117.15490193313607,103.4535209669793,2022-02-02,0.0
2022-01-27,102.1683591014088,95.21377338987996,101.01153212446896,113.35541953420784,92.95328224120648,93.879912047816,2022-02-03,0.0
2022-01-28,104.79749294990474,89.53581487018342,94.6173833954532,101.95252355613049,102.7060958373888,106.12761369415264,2022-02-04,0.0
2022-01-29,97.03278513910618,96.1227243743497,94.49689603578778,94.52306403937342,113.46930014533903,104.07693128968003,2022-02-05,0.0
2022-01-30,89.03244264648504,85.70961744423356,113.6694096173966,101.78643399654388,103.12116430725482,100.84280279638514,2022-02-06,0.0
2022-01-31,90.40452244708,100.42835646848978,90.50432952203494,88.34482883090702,88.27438205045839,98.3398650803681,2022-02-07,0.0
2022-02-01,92.95443766783994,95.91530337720204,97.20402491616908,101.35640655814854,101.55139320762063,94.635523205568,2022-02-08,0.0
2022-02-02,92.20487493360248,97.51243269217808,87.41124244796247,104.58976026238682,115.7097077327166,87.32778500469516,2022-02-09,0.0
2022-02-03,102.28829682131536,96.16399989928102,102.49046931576711,104.34396101343695,105.06483703797204,93.9075998665176,2022-02-10,0.0
2022-02-04,105.90179355969298,100.37259833388106,95.82638341455554,102.4067689260268,74.76787258531715,98.16596135822672,2022-02-11,0.0
2022-02-05,105.43923641209032,93.80380722549684,99.65544618615212,103.18243028040376,91.83595098577138,108.89316318096289,2022-02-12,0.0
2022-02-06,128.56385316295618,94.29389086645452,116.8287306713324,121.07132043703058,92.12248801708162,101.63111284358344,2022-02-13,0.0
2022-02-07,113.71529807033968,106.18509756548843,109.97030172338464,102.63991828100428,101.55535017470928,97.22813961257262,2022-02-14,0.0
2022-02-08,116.60582959429196,105.03270000073584,99.60455005339226,103.08322260245173,109.30495309864205,115.45202625180292,2022-02-15,0.0
2022-02-09,113.28433944564198,110.46587664212272,105.2921087725535,112.37157552773438,115.9473776634498,96.01137777871676,2022-02-16,0.0
2022-02-10,133.9770519246629,105.08577868224393,129.43731997268804,104.22285026719284,97.1419698378282,113.62559904233788,2022-02-17,0.0
2022-02-11,104.98191281286624,107.64927080192966,114.19162296788492,109.02573253509792,103.71226501983212,103.10512328566402,2022-02-18,0.0
2022-02-12,107.64544913758976,100.56976205536778,99.69397200984048,106.31808763660251,95.35213047537042,104.69804204318868,2022-02-19,0.0
2022-02-13,121.08338725417516,86.57957471153468,117.18022671477893,97.2289293504983,102.32036823472762,90.82401124461416,2022-02-20,0.0
2022-02-14,105.6619706519744,99.39888291308986,99.06967708745697,88.62544557210892,94.77011636929144,92.74678689546282,2022-02-21,0.0
2022-02-15,99.18011411701768,93.08182217135835,96.20617865797176,93.34522474410932,111.83224931729966,92.44032791159644,2022-02-22,0.0
2022-02-16,103.60550570967334,103.6184538349212,105.4761711312418,88.64127022011274,107.23970421946056,105.92278680527716,2022-02-23,0.0
2022-02-17,114.21939297964892,93.9281493042692,90.64808431688786,85.76122633480719,96.29500854970875,107.85908912138902,2022-02-24,0.0
2022-02-18,103.10024813479431,88.02857135932373,96.03018205644096,97.46861148668587,104.1835001918387,88.62035542681923,2022-02-25,0.0
2022-02-19,91.22039480198404,86.0457124163238,102.11034750883252,93.07944637267994,88.69940509711829,89.77564830948107,2022-02-26,0.0
2022-02-20,105.02819526188806,87.53834387042416,103.14990951318944,96.3838465958128,110.22081961935454,88.5620221809353,2022-02-27,0.0
2022-02-21,91.18020329966193,87.35780375102516,108.90728093056632,84.2463577906471,108.0505855890169,86.52294157019915,2022-02-28,0.0
2022-02-22,79.10764911627332,83.76503360752282,98.75144828040769,82.52283225641114,85.05141382069725,89.40904724237453,2022-03-01,0.0
2022-02-23,96.26033325847744,86.41849171831578,101.96499026404616,85.138876622653,95.23104946919132,88.53686438578318,2022-03-02,0.0
2022-02-24,94.3996046943984,85.71735156600404,74.0028923824756,90.45980673890983,93.93984195346508,85.09497544162711,2022-03-03,0.0
2022-02-25,94.09994289433206,86.36796542348904,98.5058904654427,86.66232538761764,112.96774226760716,79.34811506507664,2022-03-04,0.0
2022-02-26,105.44737146612866,84.68208399464011,94.55523363356892,87.3893764878068,113.7451919401941,92.654237609328,2022-03-05,0.0
2022-02-27,104.44591542429328,92.54145404515816,89.17900740439585,85.13398474678088,85.97359149560117,82.5720767482661,2022-03-06,0.0
2022-02-28,82.29798129231985,88.78784896784694,90.2219734443627,89.19641308525169,102.2524794653058,93.02151290425122,2022-03-07,0.0
2022-03-01,92.43721129309355,93.54275812780952,104.26156109392528,93.91609571758752,82.38079952112672,83.77083784042088,2022-03-08,0.0
2022-03-02,86.08272796323054,89.5402357384404,97.10694986150104,83.41527405108268,94.33589762415006,86.80544503763986,2022-03-09,0.0
2022-03-03,99.76576938822112,93.2319756842735,98.48327701197437,91.76277665860148,104.3120210681769,84.8856226693857,2022-03-10,0.0
2022-03-04,109.47882120626966,84.32550621866183,87.5557542059884,83.99811024681013,97.07739928244658,91.88096238512958,2022-03-11,0.0
2022-03-05,88.24759341492637,97.52299695415236,103.76008306856627,89.40049647962928,93.15810177837196,92.37341949412216,2022-03-12,0.0
2022-03-06,97.49271505692349,92.45596549488302,93.07719322493982,83.01679962087414,98.85121567007916,96.98491015768144,2022-03-13,0.0
2022-03-07,88.88438815647568,86.17750609650305,83.25008223132463,78.68316577395191,86.55412601503973,80.24817973147381,2022-03-14,0.0
2022-03-08,105.90376417566944,82.12936488189322,95.52925888700396,87.69330031682581,93.84497695717197,92.22718374239628,2022-03-15,0.0
2022-03-09,112.0257513819116,73.66561226357477,90.85400405433936,81.66421419509516,77.28148587756259,82.99320165195168,2022-03-16,0.0
2022-03-10,86.28934689096307,83.51820046188082,83.49805094790402,87.9150467565368,100.9888658443191,79.25912593051252,2022-03-17,0.0
2022-03-11,90.72298807045063,80.34975777522644,86.54650511430266,81.18043557119306,86.34404456462464,89.15621409530284,2022-03-18,0.0
